English,Turkish
abandon,['terk etmek']
ability,['yetenek']
able,['muktedir']
aboard,['taşıtın içinde olmak']
abolish,['iptal etmek']
abolition,['kaldırmak']
about,"['hakkında', 'yaklaşık olarak']"
above,['yukarıdaki']
abroad,['yurt dışı']
absence,['yokluk']
absent,"['yok', 'eksik']"
absolute,"['mutlak', 'kesin']"
absorb,"['emmek', 'karşılamak', 'dengelemek']"
absurd,['absürd']
abuse,"['kötüye kullanma', 'suistimal etme', 'kötü söyleme']"
academic,['akademik']
accede,['razı olmak']
accelerator,['gaz pedalı']
accent,"['şive', 'aksan']"
accept,['kabul etmek']
access,"['giriş', 'yol']"
accessible,"['içine girilebilinir', 'kolay bulunur']"
accident,['kaza']
accommodate,['yerleştirmek']
accommodation,['konaklama yeri']
accompany,['eşlik etmek']
according to,['göre']
account,['hesap']
accounting,['muhasebe']
accumulate,"['toplamak', 'biriktirmek']"
"accurate, faultless","['doğru', 'hatasız']"
accused,"['sanık', 'suçlamak']"
accustom,['alıştırmak']
accustomed,"['alışık', 'alışkın']"
ache,['ağrı']
achieve,"['üstünden gelme', 'erişmek', 'başarmak']"
achievement,['başarı']
acid,['asit']
acknowledge,['doğrulamak']
acquaint,"['tanımak', 'bilmek']"
acquire,['edinmek']
acquisition,"['edinme', 'istimlak', 'el koyma']"
across,"['bir uçtan diğerine', 'diğer tarafta']"
act,"['davranış', 'davranmak']"
active,"['etkin', 'faal']"
actor,['erkek oyuncu']
actress,['kadın oyuncu']
actual,['gerçek']
add,"['toplamak', 'eklemek']"
addict,"['tiryaki', 'müptela']"
address,['adres']
administration,['idare']
admiral,['amiral']
admire,"['beğenmek', 'hayran olmak']"
admission,"['kabul', 'itiraf', 'giriş']"
admit,"['kabul etmek', 'izin vermek']"
adopt,"['kabul etmek', 'evlat edinmek']"
adult,['yetişkin']
advance,"['ileri', 'avans']"
advanced,['gelişmiş']
advantage,['avantaj']
adventure,['macera']
adverse,"['zıt', 'karşı']"
advertise,"['reklam yapmak', 'ilan vermek']"
advice,['tavsiye']
advise,['tavsiye etmek']
aerial,['anten']
aeroplane,['uçak']
affair,"['olay', 'iş', 'ilişki']"
affect,['etkilemek']
afford,['satın alma gücü olmak']
afraid,['korkmak']
after,['sonra']
afternoon,['öğleden sonra']
afterwards,['bir olaydan sonra']
again,"['bir daha', 'yine']"
against,"['karşı', 'zıt']"
age,"['yaş', 'çağ']"
aged,['yaşında']
agency,['acente']
agent,"['temsilci', 'aracı']"
aggressive,"['saldırgan', 'kavgacı']"
ago,['önce']
agree,['anlaşmak']
agreement,['anlaşma']
agriculture,['tarım']
ahead,['önde']
aid,['yardım']
aim,"['amaç', 'hedef almak']"
air,"['hava', 'havalandırma']"
airport,['hava alanı']
alarm,['alarm']
album,['albüm']
alcohol,['alkol']
algebra,['cebir']
alike,"['benzer', 'aynı yolda']"
alive,"['yaşamak', 'canlı']"
all,"['hep', 'tüm', 'her']"
all right,"['tamam', 'evet']"
alliance,"['bağlaşma', 'birlik', 'mütareke']"
alligator,['timsah']
allocate,"['tahsis etmek', 'dağıtmak', 'bölüştürmek']"
allocations,['tahsisat']
allow,['izin vermek']
allowance,"['düzenli kazanç', 'harçlık']"
ally,"['anlaşma', 'birleşme']"
almost,['hemen hemen']
alone,"['yalnız', 'tek']"
along,"['boyunca', 'ileri']"
aloud,['sesli']
alphabet,['alfabe']
already,"['az önce', 'zaten']"
also,['hem de']
alter,['değiştirmek']
alternative,"['alternatif', 'seçenek']"
although,"['gerçi', 'olmakla beraber']"
altogether,"['tümüyle', 'hep beraber']"
always,['her zaman']
amateur,['amatör']
amaze,['şaşırtmak']
ambassador,['büyükelçi']
ambition,['hırs']
ambulance,['ambulans']
ambush,['tuzak']
amend,"['düzelme', 'ayarlama']"
among,['arasında']
amount,['miktar']
ample,"['geniş', 'bol']"
amuse,['güldürmek']
anchor,"['çapa', 'demir atmak gemi']"
and,['ve']
angel,['melek']
anger,['kızmak']
angle,"['açı', 'köşe']"
angry,['kızgın']
animal,['hayvan']
ankle,['ayak bileği']
anniversary,['yıldönümü']
announce,"['bildirmek', 'çağrıda bulunmak', 'anons']"
annoy,"['rahatsız etmek', 'kızdırmak']"
annual,['yıllık']
another,"['diğer', 'bir başka']"
answer,['yanıt']
ant,['karınca']
anti,"['karşı', 'zıt', 'ters']"
anticipate,"['ön görmek', 'beklemek']"
antique,['antika']
anxiety,['endişe']
anxious,['endişeli']
anxiously,['endişeli olmak']
any,['herhangi']
anybody,['herhangi biri']
anyone,['herhangi biri']
anything,['herhangi bir şey']
anyway,['her neyse']
anywhere,['herhangi bir yer']
apart,['ayrı']
apart from,"['hariç', 'dışında']"
apartment,['apartman dairesi']
ape,['maymun']
apologize,['özür dilemek']
apparent,"['açık', 'kolayca görünen']"
apparently,"['bariz olmak', 'görünmek']"
appeal,"['hoşa giden', 'yalvarmak', 'üst mahkemeye başvurmak']"
appear,['görünmek']
appearance,['görünüş']
appertain,['ait olmak']
appetite,['iştah']
applicant,['başvuran']
application,['başvuru']
apply,"['başvurmak', 'uygulamak']"
appoint,['atamak']
appointment,"['randevu', 'atama']"
appreciate,"['müteşekkir', 'değer bilmek', 'beğenmek']"
approach,"['yaklaşmak', 'yaklaşım', 'geliş']"
approve,['onaylamak']
approximate,['yaklaşık olarak']
apricot,['kayısı']
april,['nisan']
archbishop,['başpiskopos']
architect,['mimar']
architecture,['mimari']
area,"['alan', 'bölge']"
argue,['tartışmak']
argument,['tartışma']
arise,"['kalkmak', 'yükselmek']"
aristocrat,['aristokrat']
arm,"['kol', 'silah']"
armchair,['koltuk']
armour,['zırh']
army,['ordu']
around,"['aşağı yukarı', 'çevre']"
arrange,"['düzenlemek', 'ayarlamak']"
arrest,['tutuklamak']
arrival,['varış']
arrive,['varmak']
arrow,['ok']
art,['sanat']
article,"['makale', 'eşya']"
article of association,['ana sözleşme']
artificial,['yapay']
artist,['sanatçı']
as,"['gibi', 'olarak', 'olarak']"
ash,['kül']
ashamed,['utanmış']
aside,['bir yanda']
ask,"['sormak', 'istemek']"
asleep,['uykuda']
aspect,"['görünüş', 'görüş', 'hal']"
ass,"['eşek', 'aptal']"
assembly,"['montaj', 'oturum']"
asset,['varlık']
assist,['yardım etmek']
assistant,['yardımcı']
associate,"['ilgilenmek', 'birleştirmek']"
association,"['cemiyet', 'birlik', 'aynı şeyle ilgili olan']"
assume,['varsaymak']
assurance,"['güven', 'inanç', 'söz']"
assure,"['temin etmek', 'söz vermek', 'ikna etmek']"
assured,"['önceden belli', 'kendine güvenen']"
astonish,['şaşırmak bir kimseye']
at,['de da eki']
atmosphere,"['havaküre', 'atmosfer']"
attach,['birleştirmek']
attachment,"['ilave', 'ek']"
attack,"['saldırmak', 'atak']"
attempt,['denemek']
attend,"['katılmak', 'bir yerde bulunmak']"
attendant,"['hizmetçi', 'hizmetkar', 'refakat eden kimse']"
attention,['dikkat']
attitude,"['yaklaşım', 'düşünce', 'hareket']"
attractive,['çekici']
auction,"['müzayede', 'mezat']"
audience,"['izleyici tv', 'tiyatro']"
augment,"['ilave etmek', 'arttırmak', 'zam yapmak']"
augmentation,"['zam', 'ekleme']"
august,['ağustos']
aunt,"['teyze', 'hala']"
author,['yazar']
authority,['otorite']
autumn,['sonbahar']
available,"['hazır', 'serbest', 'boşta']"
avenue,['cadde']
average,['ortalama']
avoid,['kaçınmak']
awake,['uyanık']
award,['mükafat']
aware,"['bilgili', 'farkında olmak', 'haberdar olmak']"
away,"['buradan', 'burada değil']"
awful,"['kötü', 'berbat', 'üzücü']"
awkward,"['sakar', 'kullanışsız', 'beceriksiz']"
axe,['balta']
baby,['bebek']
babysitter,['çocuk bakıcısı']
bachelor,"['bekar', 'üniversitenin ilk derecesi']"
back,"['arka', 'sırt']"
backbone,"['omurga', 'temel taşı', 'en önemli bölüm']"
background,"['fon', 'geri plan', 'temel']"
backward,['geriye doğru']
bad,['kötü']
badly,"['kötü', 'çok fazla']"
bag,['çanta']
baggage,['bagaj']
bake,['pişirmek']
baker,['fırıncı']
balance,"['denge', 'bakiye']"
balcony,['balkon']
bald,['kel']
bale,"['balya halı', 'tütün ']"
ball,"['top', 'balo']"
ballerina,['balerin']
ballet,['bale']
balloon,['balon']
ban,['yasak']
banal,"['banal', 'adi']"
banana,['muz']
band,"['bant şerit', 'bando']"
bandage,"['bandaj', 'yara bandı']"
baneful,['kötü şey']
banish,"['sürgüne yollama', 'düşünmekten vazgeçme']"
bank,['banka']
banker,"['banka yöneticisi', 'banker']"
banknote,['kağıt para']
bankrupt,['iflas']
bar,"['çubuk', 'bar']"
barbarous,"['barbar', 'vahşi']"
barber,['berber']
bare,"['çıplak', 'boş']"
bargain,"['pazarlık etmek', 'kelepir']"
barrel,"['varil', 'namlu']"
base,"['taban', 'üs']"
basement,['bodrum']
basin,"['leğen', 'leğen dolusu', 'havza']"
basket,['sepet']
bastardize,"['değerini düşürmek', 'konunun dışına çıkmak']"
bath,['yıkanmak']
bathe,['yıkamak']
battery,['pil']
battle,"['savaş', 'muharebe']"
bawl,['yüksek sesle bağırmak']
bay,['koy']
beach,['sahil']
bean,['fasulye']
bear,"['taşımak', 'dayanabilmek', 'ayı']"
beard,['sakal']
beast,['canavar']
beat,"['vurmak', 'yenmek']"
beautiful,['güzel']
beauty,['güzellik']
because,['çünkü']
become,"['gelişmek', 'değişmek']"
bed,['yatak']
bee,['arı']
beef,['dana eti']
beer,['bira']
beetle,['hamamböceği']
before,['önce']
beforehand,['önceden']
beg,['dilenmek']
begin,['başlamak']
behave,['davranmak']
behind,"['arkada', 'geride']"
being,['varlık']
believe,['inanmak']
bell,"['zil', 'çan']"
belong,['ait olmak']
below,"['altta', 'aşağıda']"
belt,['kemer']
bench,"['tezgah', 'bank']"
bend,"['eğmek', 'eğilmek']"
beneath,['altında']
benefit,['yararı olmak']
berry,['küçük çekirdeksiz meyve']
beside,['yanında']
besides,['hem de']
best,['en iyi']
bet,"['iddia etmek', 'iddiaya girmek']"
better,['daha iyi']
between,['arasında']
beyond,['ötesinde']
bias,"['ön yargı', 'eğilim']"
bicycle,['bisiklet']
big,['büyük']
bike,['bisiklet']
bill,"['fatura', 'hesap', 'gaga']"
bin,['kap']
bind,['bağlamak']
bird,['kuş']
birth,['doğum']
birthday,['doğu mgünü']
biscuit,['bisküvi']
bishop,['piskopos']
bit,"['parça', 'matkap', 'anahtarın ucu']"
bite,['ısırmak']
black,['siyah']
bladder,"['mesane', 'kese', 'sidik torbası']"
blade,"['ustura', 'bıçak']"
blame,"['sorumlu tutmak', 'suçlamak']"
blank,['boşluk']
blanket,['battaniye']
blast,"['patlayarak parçalanma', 'mahvetmek']"
bless,"['dilemek', 'takdis']"
blind,['kör']
blister,['kabarcık']
block,['blok']
blockade,['ablukaya alma']
blood,['kan']
bloom,"['çiçek', 'çiçek açmak']"
blouse,['bluz']
blow,"['üflemek', 'patlamak']"
blue,"['mavi', 'mutsuz']"
bluff,['blöf']
board,"['araca binmek', 'tahta', 'kurul']"
boast,['övünmek']
boat,"['bot', 'sandal']"
body,"['gövde', 'vücut']"
bodyguard,"['koruma görevlisi', 'goril']"
boil,['kaynamak']
boiler,['kazan']
bold,"['cüretkar', 'utanmaz', 'korkusuz ']"
bolt,"['cıvata', 'sürgükapı', 'kilit dili']"
bomb,['bomba']
bone,['kemik']
bonfire,"['meydan ateşi', 'şenlik ateşi']"
bonnet,"['çocuk başlığı', 'arabanın kaputu']"
bony,['çok zayıf']
book,['kitap']
booklet,['broşür']
boom,"['patlamak', 'çok hızlı genişlemek']"
boot,"['ayakkabı', 'bot', 'bagaj']"
border,['sınır']
bore,['can sıkmak']
bored,['canı sıkılmış']
boring,['sıkıcı olan']
born,['doğmuş']
borrow,['ödünç almak']
boss,['patron']
both,['ikisi']
bother,"['can sıkmak', 'üzmek']"
bottle,['şişe']
bottom,"['en alt', 'dip']"
bounce,"['yansıtmak', 'zıplatmak top']"
bound,"['bağlı', 'sınırlı', 'atlamak']"
boundary,['sınır']
bow,['yay']
bowl,['tas']
box,"['kutu', 'boks']"
boy,['erkek çocuk']
bra,['sutyen']
brain,['beyin']
brake,"['frenlemek', 'fren']"
branch,"['dal', 'şube', 'kol']"
brand,"['marka', 'lekelemek', 'kötü ün']"
brand-new,"['yeni model', 'yepyeni']"
brass,['pirinç metal']
brave,"['korkusuz', 'cesur']"
bread,['ekmek']
break,['kırmak']
break down,"['yıkmak', 'bozmak', 'sınıflamak']"
breakfast,['kahvaltı']
break-out,"['aniden başlama', 'patlak vermek', 'kaçmak']"
breast,['göğüs']
breath,['nefes']
breathe,['nefes almak']
bribe,['rüşvet']
brick,['tuğla']
bride,['gelin']
bridge,['köprü']
brief,"['kısa', 'özetli']"
briefcase,['iş çantası']
bright,['parlak']
brilliant,"['parlak', 'akıllı']"
bring,['getirmek']
broad,['geniş']
broadcast,['yayın']
brochure,['broşür']
broken,['kırık']
broker,"['komisyoncu', 'simsar']"
brooch,"['broş', 'iğne']"
broom,['süpürge']
brother,"['erkek kardeş', 'ağabey']"
brother-inlaw,['kayınbırader']
brow,['alın']
brown,['kahverengi']
brush,"['fırça', 'fırçalamak']"
bucket,['kova']
budget,"['bütçe', 'bütçe yapmak']"
build,"['inşa etmek', 'yapmak']"
building,['bina']
bulb,['ampul']
bull,['boğa']
bullet,['mermi']
bump,['çarpışma']
bumper,['tampon araba']
bumpy,['engebeli']
bunch,"['deste', 'demet']"
bungalow,['bungalov']
bureau,['büro']
bureaucracy,['bürokrasi']
burglar,['hırsız']
burn,['yanmak']
burst,['patlamak']
bury,['gömmek']
bus,['otobüs']
bush,['çalı']
business,['iş']
busy,['meşgul']
but,['fakat']
butcher,['kasap']
butter,['tereyağ']
button,['düğme']
buy,['satın almak']
by,"['tarafından', 'göre', 'ile']"
by the way,"['bunun yanında', 'aklıma gelmişken']"
cab,['taksi']
cabbage,['lahana']
cabin,['kabin']
cabinet,['kabine']
cable,"['kablo', 'telgraf']"
cage,['kafes']
cake,['kek']
calculate,['hesaplamak']
calendar,['takvim']
calf,"['fil veya balina yavrusu', 'buzağı', 'baldır']"
call,"['çağırmak', 'telefon etmek', 'kısa ziyaret']"
calm,['sakin']
camel,['deve']
camera,['kamera']
camouflage,['saklamak']
camp,['kamp']
campaign,['kampanya']
campus,['kampüs']
can,['teneke kutu']
canal,['kanal']
canary,"['kanarya kuşu', 'kanarya sarısı']"
cancel,['iptal etmek']
cancellation,['iptal']
cancer,['kanser']
candidate,['aday']
candle,['mum']
cannon,['top silah']
canteen,['kantin']
capable,['muktedir']
capacity,['kapasite']
capital,"['sermaye', 'başkent', 'kapital']"
captain,"['kaptan', 'yüzbaşı']"
capture,"['ele geçirmek', 'hapse atmak']"
car,['araba']
caravan,['karavan']
carbon-paper,['karbon kâğıdı']
card,['kart']
cardigan,['hırka']
care,"['dikkat', 'özen']"
career,['meslek']
carefree,['önemsemeyen']
careful,['dikkatli']
careless,['dikkatsiz']
cargo,['kargo']
carnival,['karnaval']
carpenter,['marangoz']
carpet,['halı']
carriage,"['fayton', 'vagon']"
carrier,['taşıyıcı']
carrot,['havuç']
carry,['taşımak']
carryover,['devir']
cartridge,"['kartuş', 'şarjör']"
case,"['kutu', 'kap', 'dava']"
cash,['nakit']
cash-register,['yazar kasa']
castle,['kale']
casual,"['planlanmayan', 'normal', 'sade']"
cat,['kedi']
catch,['yakalamak']
caterpillar,['tırtıl']
cattle,['büyükbaş hayvan']
cauliflower,['karnıbahar']
cause,"['neden', 'neden olmak']"
caution,['uyarı']
cave,['mağara']
cease,['durdurmak']
cease-fire,['ateş-kes']
ceiling,['tavan']
celebration,['kutlama']
cell,"['hücre hapis', 'beyin']"
cellar,"['kiler', 'bodrum']"
cement,['çimento']
central,['merkezi']
centre,"['orta', 'merkez']"
century,['yüzyıl']
cereal,"['tahıl', 'mısır']"
ceremony,['seremoni']
certain,"['kesin', 'belirli', 'emin olmak']"
certainly,['kuşkusuz']
certificate,['sertifika']
chain,['zincir']
chair,"['iskemle', 'sandalye', 'koltuk']"
chairman,['yönetim kurulu başkanı']
chalk,['tebeşir']
challenge,['meydan okuma']
chamber,['iş ağı']
champagne,['şampanya']
champion,['şampiyon']
championship,['şampiyona']
chance,"['şans', 'fırsat']"
change,"['değişmek', 'değişim', 'bozuk para']"
channel,['kanal']
chapter,"['bölüm', 'konu']"
character,['kişilik']
charge,"['doldurmak', 'masrafa yazmak']"
charity,"['hayır severlik', 'yardım severlik']"
charlatan,['şarlatan']
charm,['çekicilik']
charming,['çekici']
chart,"['tablo', 'çizelge']"
charter,"['patent', 'devlet onaylı', 'kiralık taşıt']"
chase,['kovalamak']
chat,"['çene çalmak', 'sohbet']"
chatter,['gevezelik yapmak']
cheap,['ucuz']
cheat,"['hileci', 'hile yapmak', 'kopya çekmek']"
check,['kontrol etmek']
cheek,"['yanak', 'popo']"
cheeky,"['yüzsüz', 'kaba', 'kibar olmayan']"
cheer,"['neşe', 'coşturmak']"
cheerful,"['neşeli', 'şen', 'mutlu']"
cheese,['peynir']
chef,['aşçı']
chemical,['kimyasal']
cheque,['çek']
cherry,['kiraz']
chess,['satranç']
chest,"['göğüs', 'sandık']"
chest of drawers,"['çekmeceli dolap', 'konsül']"
chestnut,['kestane']
chewing-gum,['sakız']
chicken,['piliç']
chief,['şef']
child,['çocuk']
childhood,['çocukluk']
chilli,['çok acı']
chilly,['çok soğuk']
chimney,['baca']
chin,['çene']
china,"['çin', 'çini', 'porselen']"
chip,['ufak parça']
chocolate,['çikulata']
choice,"['seçim', 'istek', 'tercih']"
choke,"['boğma', 'tıkama', 'jikle']"
choose,['seçmek']
chop,"['kesmek', 'yarmak', 'pirzola']"
christian,['hıristiyan']
chuckle,['kıkırdama']
church,['kilise']
cigar,['puro']
cigarette,['sigara']
cinema,['sinema']
circle,"['çember', 'çevre']"
circuit,['devre']
circular,"['yuvarlak', 'çembersel', 'sirküler imza']"
circumstances,"['durum', 'vaziyet']"
circus,['sirk']
citizen,['yurttaş']
city,"['kent', 'site']"
civic,['kente ait']
civil,['sivil']
claim,"['ileri sürmek', 'savunmak']"
claimant,['davacı']
clap,['alkışlamak']
clasp,['sıkıca tutmak']
class,['sınıf']
classic,['klasik']
clay,['kil']
clean,"['temizlemek', 'temiz']"
clear,"['temiz', 'berrak', 'net']"
clerk,['memur']
clever,['akıllı']
client,"['müşteri', 'müvekkil']"
climate,['ıklım']
climb,"['tırmanmak', 'yükselmek']"
clinic,['klinik']
clip,"['klips', 'kırpma', 'toka']"
cloakroom,"['vestiyer', 'tuvalet']"
clock,['saat']
close,['yakın']
cloth,['bez']
clothes,['giysi']
cloud,['bulut']
clown,['palyaço']
club,"['klüp', 'sinek sembollü iskambil kağıdı']"
clue,['ipucu']
clutch,"['debrijaj', 'kavrama']"
co,['beraber']
coach,"['antrenör', 'yolcu vagonu', 'şehirlerarası otobüs']"
coal,['kömür']
coast,"['kıyı', 'sahil']"
coat,['palto']
cobweb,['örümcek ağı']
cock,"['horoz', 'erkek kuş', 'erkeklik organı']"
cocoa,['kakao']
coconut,['hindistan cevizi']
code,['kod']
coffee,['kahve']
coffin,['tabut']
coin,['madeni para']
cold,['soğuk']
collapse,"['çökmek', 'katlamak']"
collar,"['yaka', 'tasma']"
colleague,['meslektaş']
collect,['toplamak']
collective agreement,['toplu sözleşme']
colonel,['albay']
colour,['renk']
column,['sütun']
coma,"['koma', 'koma hali']"
comb,['tarak']
come,['gelmek']
come across,"['tesadüfen karşılaşmak', 'bulmak']"
comet,['kuyruklu yıldız']
comfort,"['konfor', 'rahat']"
comfortable,['konforlu']
command,['kumanda etmek']
commemorate,['kötü bir durumu anmak']
commence,['başlamak']
commercial,"['ticari', 'reklam  filmi ']"
commission,"['komisyon', 'heyet']"
commit,['suç işlemek']
commitment,"['taahhüt', 'sorumluluk']"
common,"['ortak', 'yaygın', 'genel']"
communicate,['iletişim']
community,['toplum']
commute,['işe gidip gelmek']
company,"['şirket', 'beraberlik', 'arkadaşlık']"
comparatively,['mukayeseli olarak']
compare,['mukayese etmek']
compass,"['pusula', 'pergel']"
compensate,"['telafi etmek', 'karşılamak']"
compensation,"['telafi', 'tazminat']"
compete,['yarışmak']
competition,"['yarışma', 'rekabet']"
complain,"['yakınmak', 'şikayet etmek']"
complete,"['tam', 'eksiksiz', 'bütün']"
complicated,"['karışık', 'komplike']"
compliment,"['iltifat', 'kompliman', 'hediye']"
component,"['unsur', 'parça', 'bileşimde bulunan']"
compose,"['yapım şiir', 'şarkı', 'sanat eseri']"
composition,"['kompozisyon', 'birleşik']"
compound,"['birleşik', 'bileşik']"
compromise,['uzlaşma']
computer,"['kompütür', 'bilgisayar']"
concentrate,"['konsantre', 'yoğun']"
concept,"['genel fikir', 'düşünce', 'bakış açısı']"
concern,"['ilgi', 'üzüntü', 'endişe']"
concert,['konser']
conclude,"['sonuca ulaşmak', 'karar vermek']"
conclusion,"['karar', 'sonuç']"
condemn,"['cezalandırmak', 'mahkum etmek']"
condition,"['durum', 'şart']"
conduct,"['davranış', 'tavır', 'yol göstermek']"
cone,"['koni', 'külah dondurma']"
conference,['konferans']
confess,['itiraf etmek']
confidence,['güven']
confine,"['kuşatmak', 'hapsetmek', 'sınırlamak']"
conflict,"['çatışma', 'çelişki']"
confuse,"['kafası karışmak', 'şaşırmak']"
congratulate,['kutlamak']
connect,['birleştirmek']
conquer,['işgal etmek']
conscience,"['vicdan', 'bilinç']"
conscious,['bilinçli']
consent,"['kabul etme', 'onaylama']"
consequently,"['bundan dolayı', 'sonuç olarak', 'sonunda']"
consider,"['göz önüne almak', 'düşünmek']"
consideratio n,"['düşünüş', 'tartış']"
consign,"['satış için gönderme', 'başkasına devretme']"
consist,['oluşmak']
consistent,"['tutarlı', 'uyumlu kişi', 'yazı']"
constitute,"['oluşmak', 'kurmak']"
constitution,['anayasa']
construct,"['inşa etmek', 'yapmak']"
consul,['konsolos']
consult,['danışmak']
consultation,"['toplantı', 'konsültasyon']"
consume,['tüketmek']
consumption,['tüketim']
contact,"['temas', 'dokunma']"
contain,['kapsamak']
container,['kap']
content,['tatmin olmuş']
contents,['içerik']
contest,['yarışma']
continent,['kıta']
continuous,['sürekli']
contract,"['kontrat', 'anlaşma']"
contrary,"['tersine', 'zıddına']"
contrast,['karşılaştırmak']
contribute,['katkıda bulunmak']
control,"['kontrol etmek', 'yönetmek']"
convenience,"['uygunluk', 'kolaylık']"
convenient,"['elverişli', 'uygun']"
conversation,['söyleşi']
convict,"['mahkum', 'suçlu']"
convince,['ikna etmek']
cook,"['aşçı', 'yemek pişirmek']"
cool,"['serin', 'serinletmek', 'soğutmak']"
co-operate,['birlikte çalışmak']
cop,['polis']
cope,"['başa çıkmak', 'ayak uydurmak']"
copper,['bakır']
copy,"['kopyalamak', 'taklit etmek']"
cordon,['kordon']
cork,['mantar']
corn,"['ekin', 'mısır', 'nasır']"
corner,['köşe']
corpse,['ceset']
correct,"['hatasız', 'düzeltmek']"
correspondent,"['mektuplaşan', 'muhabir']"
corridor,['koridor']
corruption,"['rüşvetçilik', 'yolsuzluk']"
cosmetic,['kozmetik']
cost,"['maliyet', 'mal olmak']"
costly,['pahalı']
costume,['kostüm']
cottage,['köy evi']
cotton,['pamuk']
cough,['öksürmek']
council,['konsey']
count,['saymak']
country,"['ülke', 'kırsal alan']"
coupe,['spor araba']
couple,"['çift', 'bir kaç']"
coupon,['kupon']
courage,['cesaret']
course,"['gidişat', 'kurs']"
court,"['mahkeme', 'kort']"
cousin,['kuzen']
cover,['kaplamak']
cow,['inek']
coward,['korkak']
crack,['kırmak']
cracker,['kraker']
cramp,['kramp']
crane,"['vinç ile kaldırmak', 'vinç']"
crash,"['çarpışmak sertçe', 'çarpıştırmak']"
crazy,['çılgın']
cream,"['krema', 'krem', 'kirli beyaz']"
creation,['yaratış']
creature,['yaratık']
credit,['kredi']
crime,['suç']
criminal,['suçlu']
crisis,['kriz']
crisp,"['gevrek', 'canlı', 'taze']"
critical,['kritik']
criticize,['eleştirmek']
crocodile,['afrika timsahı']
crop,['ürün toprak ürünü']
cross,"['karşıdan karşıya geçmek', 'çaprazlama', 'haç']"
crossing,['geçit']
crossroads,['kavşak']
crossword,['çapraz bulmaca']
crow,"['karga', 'horoz ötüşü']"
crowd,['kalabalık']
crown,['taç']
crucial,['en önemli']
crude,['petrol']
cruel,['zalim']
cruise,"['deniz gezisi', 'kıtalararası silah']"
crush,['kırmak']
cry,"['bağırmak', 'ağlamak']"
cu ltivate,['toprakla uğraşmak']
cu rse,['lanet']
cu rtain,['perde']
cube,['küp']
cucumber,['hıyar']
culture,['kültür']
cup,"['fincan', 'kupa']"
cure,"['iyileştirmek', 'tedavi', 'işlem']"
curiosity,['merak']
curious,"['meraklı', 'olağan dışı']"
curl,['kıvırmak']
current,"['akım', 'cari', 'kur']"
curry,['hafif acılı']
curve,['eğri']
cushion,['yastık']
custom,['gelenek']
customer,"['alıcı', 'müşteri']"
customs,['gümrük']
cut,['kesmek']
cycle,"['bisiklet', 'tur']"
cylinder,['silindir']
dad,['baba']
daily,['günlük']
daisy,['papatya']
dam,['baraj']
damage,"['zarar', 'zarar vermek']"
damp,['nemli']
dance,['dans']
danger,['tehlike']
dangerous,['tehlikeli']
dare,"['cesaretli', 'cürretkar', 'meydan okumak']"
dark,"['karanlık', 'koyu', 'siyah tenli']"
darling,['sevgili']
dash,"['fırlamak', 'tire işareti']"
date,"['hurma', 'randevu']"
daughter,['kız çocuk']
day,['gün']
dead,['ölü']
deadline,"['mühlet', 'son teslim tarihi']"
deadlock,"['çıkmaz', 'açmaz']"
deaf,['sağır']
deal,"['alıp satmak', 'iş yapmak']"
dear,"['sevgili', 'sevilen', 'pahalı']"
death,['ölüm']
debatable,['tartışabilmek']
debate,['tartışma']
debt,['borç']
decay,"['çürümek', 'bozulmak']"
deceive,['kandırmak']
december,['aralık ayı']
decent,"['doğru', 'haklı', 'iyi']"
decide,['karar vermek']
decision,['karar']
declare,['açıklamak']
decline,"['azaltmak', 'gerilemek', 'düşmek']"
decorate,"['döşemek', 'dekore etmek']"
decrease,['azalmak']
deed,"['eylem', 'tapu']"
deep,['derin']
deer,['geyik']
default,['varsayılan']
defeat,"['mağlubiyet', 'savaşta']"
defence,"['savunma', 'defans']"
defend,['savunmak']
defer,"['geciktirme', 'erteleme']"
deficit,['hesap açığı']
definite,"['kesin', 'belirli']"
definition,['tanımlama']
degree,['derece']
delay,"['geciktirmek', 'ertelemek']"
deliberately,['kasten']
delicate,['nazik']
delicious,['lezzetli']
delight,['hoşnutluk']
delightful,['hoşnut edici']
deliver,"['dağıtmak', 'dağıtım']"
demand,"['istek', 'talep', 'ihtiyaç']"
demolish,"['yıkmak', 'parçalamak']"
demonstrate,['açıkça göstermek']
demonstration,['gösteri']
demoralize,"['cesaretini kırmak', 'moral bozmak']"
dentist,['dişçi']
deny,"['inkar etmek', 'yalanlamak']"
depart,['ayrılmak']
department,"['bölüm', 'departman']"
depend,"['bağımlı olmak', 'ihtiyacı olmak']"
dependent,['bağımlı']
deposit,['depozit']
depress,['bunaltmak']
depth,['derinlik']
deputation,['vekillik']
deputy,['vekil']
describe,"['tanımlamak', 'betimlemek']"
desert,"['çöl', 'haksız yere terk etmek']"
deserve,"['hakketmek', 'layık olmak']"
design,['dizayn']
desire,['arzu']
desk,"['sıra', 'masa']"
despair,['ümitsizlik']
desperate,"['umutsuz', 'çok ciddi']"
despite,['rağmen']
dessert,['tatlı yiyecek']
destination,['varış noktası']
destroy,['yıkmak']
destruction,['yıkım']
detach,['ayırmak']
detail,"['ayrıntı', 'detay']"
detective,['dedektif']
determined,['azimli']
develop,"['gelişmek', 'büyümek', 'resim basmak']"
development,['gelişme']
devil,['şeytan']
dew,['kırağı nem']
diagram,"['şema', 'diyagram']"
dial,"['gösterge', 'telefon etmek']"
diameter,['çap']
diamond,"['elmas', 'iskambil kartlarında karo sembollü kart']"
diary,"['günlük', 'ajanda']"
dice,['zarlar  tavla ']
dictator,['diktatör']
dictionary,['sözlük']
die,['ölmek']
diet,"['rejim', 'diyet']"
difference,"['ayırım', 'fark']"
different,['farklı']
difficult,['zor']
dig,['kazmak']
digest,"['özet', 'sindirmek', 'kavramak']"
dim,"['kısık', 'sönük']"
dinner,['akşam yemeği']
dip,['daldırmak']
diploma,['diploma']
diplomat,['diplomat']
direct,"['direkt', 'yönlendirmek', 'yol vermek']"
direction,['yön']
director,['direktör']
directory,['rehber telefon']
dirt,['kir']
dirty,['kirli']
disadvantage,['dezavantaj']
disagree,"['anlaşamamak', 'uyuşmamak']"
disappear,['gözden kaybolmak']
disappoint,['hayal kırıklığına uğramak']
disaster,"['felaket', 'afet']"
disc,['disk']
discipline,['disiplin']
disc-jockey,['discokey']
disclose,"['açığa', 'meydana çıkarmak', 'bilinmesini sağlamak']"
disco,['disko']
discover,['keşfetmek']
discuss,['tartışmak']
disease,['hastalık']
disgust,['tiksinti']
dish,"['tabak çanak', 'bulaşık', 'özel yemek']"
dismay,"['süpriz', 'üzüntü']"
dismiss,"['kovmak', 'yol vermek', 'sal vermek']"
disobey,['itaat etmemek']
dispatch,"['sevk etmek', 'yollamak']"
displace,['yerinden çıkarmak']
display,['göstermek']
dispose,"['atmak', 'bırakmak', 'ortaya çıkarmak']"
dispute,['anlaşmazlık']
distance,['uzaklık']
distant,['uzak']
distinct,"['açık', 'özel', 'farklı']"
distinction,['küçük farklılık']
distinguish,['ayırt etme']
distribute,['dağıtmak']
district,"['bölge toprak', 'ülke']"
disturb,['rahatsız etmek']
dive,['dalış']
diver,['dalgıç']
divide,"['bölmek', 'paylaştırmak']"
division,['bölüm']
divorce,['boşanmak']
dizzy,['baş dönmesi']
do,['yapmak']
dock,"['tersane', 'sanık iskemlesi']"
doctor,['doktor']
document,['doküman']
dog,['köpek']
doll,['oyuncak bebek']
domestic,"['evcil', 'eve ait', 'içsel']"
dominate,['hakim olma']
donate,['bağış yapmak']
donation,['bağış']
donkey,['eşek']
donor,"['bağış yapan', 'iyilik sever', 'okul bağışı']"
doom,"['kötü kader', 'kör talih']"
doomsday,['ahiret günü']
door,['kapı']
dose,['doz']
double,['çift']
doubt,"['şüphe', 'emin olmamak']"
down,['aşağısı']
down payment,['peşin ödeme']
doze,"['uyuklamak', 'hafif uyku']"
dozen,['düzine']
draft,"['taslak', 'banka çeki', 'ödeme emri']"
drag,['sürüklemek']
dragon,['ejderha']
drain,"['lağım', 'su yolu']"
drama,['dram']
draught,"['hava akımı', 'ceryan']"
draughts,['dama oyunu']
draw,"['çizmek resim', 'bir nesneyi çekmek']"
drawer,"['çekmece', 'göz']"
drawn,['boğulmak']
dreadful,"['korkunç', 'kötü']"
dreadfully,['çok']
dream,"['düş', 'hayal', 'rüya']"
dress,"['giysi', 'giyinmek']"
drill,"['delmek', 'tekrar tekrar öğretmek']"
drink,['içmek']
drive,['sürmek']
drop,"['düşmek', 'bırakmak', 'damla']"
drug,"['uyuşturucu', 'ilaç']"
drum,"['davul', 'makara', 'varil']"
drunk,['sarhoş']
dry,"['kuru', 'kurumak']"
duck,"['ördek', 'başını eğmek']"
duckling,['küçük ördek']
due,"['kadar', 'vade borç ']"
duel,['düello']
dull,"['aptal', 'kapalı', 'sıkıcı']"
dust,['toz']
dustbin,['çöp tenekesi']
duty,"['görev', 'gümrük vergisi']"
dye,"['boya', 'boyamak saç', 'kağıt']"
dynamite,['dinamit']
dynamo,['dinamo']
dynasty,['hanedanlık']
e.g.,['örnek']
each,"['her', 'her biri']"
eager,['istekli']
eagle,['kartal']
ear,['kulak']
early,['erken']
earn,['para kazanmak']
earnest,['ciddi']
earth,"['dünya', 'toprak', 'toprak parçası']"
earthquake,['deprem']
ease,['kolaylık']
east,['doğu']
easy,['kolay']
eat,['yemek yemek']
echo,"['eko', 'akis']"
economical,['ekonomik']
edge,['kenar']
editor,['editör']
educate,['eğitim']
eel,['yılan balığı']
effect,['etki']
efficient,"['etkin', 'iyi çalışan']"
effort,['efor']
egg,['yumurta']
elapse,['zamanın geçmesi']
elastic,['elastik']
elbow,['dirsek']
elder,['çok yaşlı']
elect,['seçmek']
election,['seçim']
electricity,['elektrik']
elegant,['şık']
elementary,"['temel', 'başlangıç için']"
elephant,['fil']
else,"['daha', 'başka']"
elsewhere,['başka bir yer']
embark,"['gemi ya da uçakla gitmek', 'birşey yapmaya başlamak']"
embarrassme nt,"['sıkıntı', 'utanmak']"
embassy,['büyükelçilik']
embrace,['sarılmak']
emerge,['çıkmak']
emergency,['acil durum']
emigrate,['göçmen']
emotion,['kuvvetli duygu']
emphasis,"['önemli', 'şiddetli vurgu']"
emphasize,['üzerinde durmak']
emphatic,"['kesinlikle', 'mutlak', 'kesin']"
empire,['imparatorluk']
employ,['görevlendirmek']
employee,['çalıştırılan adam']
employer,['işveren']
employment,['iş']
empty,['boş']
enclose,"['kapatmak', 'etrafını kapatmak']"
encourage,['cesaretlendirmek']
end,"['son', 'bitirmek']"
endorsement,"['tastik', 'onay', 'ciro']"
enemy,['düşman']
energy,['enerji']
engage,"['nişanlamak', 'iş vermek']"
engine,['makine']
enjoy,['eğlenmek']
enormous,"['kocaman', 'iri']"
enough,['yeter']
enter,['girmek']
enterprise,['girişim']
entertain,['ağırlamak']
entertainmen t,['eğlence']
entitle,"['yetki vermek', 'hak vermek']"
entrance,['giriş']
envelope,['zarf']
epitaph,['mezar taşı yazısı']
equal,['eşit']
equality,['eşitlik']
equalize,['eşitlemek']
equip,['donatmak']
equipment,"['tesisat', 'donanım']"
erect,['kaldırmak']
error,['hata']
escalator,['yürüyen merdiven']
escape,['kaçmak']
escort,"['konvoy', 'refakat']"
especial,"['özel', 'önemli']"
essential,"['temel', 'çok önemli']"
establish,"['kurmak', 'inşa etmek']"
estate,"['mal', 'mülk', 'arsa']"
estimate,['tahmin etmek']
evacuate,"['boşaltma', 'tahliye etmek', 'tehlikeden uzaklaştırmak']"
even,"['hatta', 'çift', 'dengeli']"
evening,['akşam']
event,['olay']
eventually,"['sonunda', 'nihai']"
ever,['herhangi bir zaman']
every,['her']
evidence,['delil']
evil,['kötü']
evolution,['evrim']
ex,"['eski', 'önceki', 'sabık']"
exact,['tam']
exactly,['kesinlikle']
exaggerate,['abartmak']
examine,"['incelemek', 'sınav vermek']"
example,['örnek']
exceed,['aşırı']
excellent,['çok iyi']
except,"['dışında', 'hariç']"
exception,['istisna']
exchange,['takas']
excite,['heyecanlandırmak']
exclaim,['bağırmak']
exclude,['dışlamak']
exclusive,"['hususi', 'başkalarıyla paylaşılmayan']"
excuse,"['mazeret', 'bağışlamak', 'izin']"
execute,"['yapmak', 'yerine getirmek', 'infaz etmek']"
exercise,['egzersiz']
exhaust,"['yorulma', 'bitme', 'egzos']"
exhibit,"['teşhir etmek', 'göstermek']"
exhibition,['sergi']
exist,"['oluş', 'var olmak']"
exit,"['çıkış', 'çıkmak']"
expand,"['büyümek', 'genişlemek', 'daha samimi ve konuşkan olmak']"
expansion,"['genişleme', 'büyüme', 'genişleyen kısım']"
expect,"['ummak', 'beklemek']"
expense,['masraf']
expensive,['pahalı']
experience,['tecrübe']
experiment,['deney']
expert,"['bilirkişi', 'uzman', 'eksper']"
expire,['sürenin dolması']
explain,['açıklamak']
explanation,['açıklama']
explode,['patlama']
explore,['araştırmak']
explosive,['patlayıcı madde']
export,"['ihraç malı', 'ihracat']"
express,['ifade etmek']
expression,['ifade']
extend,"['genişletmek', 'büyütmek']"
extension,"['genişletme', 'büyütme']"
extent,"['boyut', 'büyüklük']"
extinguish,['söndürmek']
extra,"['fazla', 'ekstra']"
extract,['çekip çıkartmak']
extraordinary,['olağandışı']
extreme,"['son derece', 'aşırı']"
eye,['göz']
eyebrow,['kaş']
eyelash,['kirpik']
eyelid,['göz kapağı']
fable,"['masal', 'efsane']"
fabulous,"['harika', 'inanılmaz']"
face,"['yüz', 'yüzleşmek', 'cephe']"
fact,['gerçek']
factory,['fabrika']
fade,['solmak']
fail,['başarısız olmak']
failure,"['başarısızlık', 'arıza', 'yetersizlik']"
faint,"['solgun', 'zayıf', 'bayılmak']"
fair,"['adil', 'makul', 'fuar']"
fairly,"['dürüstçe', 'epeyce']"
faith,"['inanç', 'güvenmek']"
faithful,"['güvenilir', 'sadık']"
fake,"['taklit', 'sahte']"
fall,"['düşmek', 'sonbahar']"
false,"['yanlış', 'hatalı', 'sahte']"
fame,"['şöhret', 'ün']"
familiar,"['tanıdık', 'bildik']"
family,"['aile', 'familya']"
famous,['ünlü']
fan,"['hava hareketi', 'taraftar']"
fanatic,['fanatik']
fancy,"['hayal kurma', 'hoş zevkli', 'fantazi']"
fantastic,"['harika', 'olağan dışı']"
far,['uzak']
fare,['taşıt ücreti']
farm,['çiftlik']
farther,['daha uzak']
fashion,['moda']
fast,['hızlı']
fasten,['bağlamak']
fat,"['şişman', 'vücuttaki yağ']"
fate,['kader']
father,['baba']
fault,['kusur']
faultless,['kusu rsuz']
faulty,['kusurlu']
favour,"['lehinde', 'taraf tutmak']"
favourable,"['iyi', 'yardımcı']"
favourite,"['en sevilen', 'favori']"
fear,['korku']
fearful,['korkutucu']
feather,['tüy kuş tüyü']
feature,['özellik']
february,['şubat']
fed up,['bıkmak']
federal,"['federal', 'federe', 'grup içinde birleşmiş']"
fee,"['harç', 'ücret']"
feed,['beslemek']
feel,['hissetmek']
fellow,"['benzer arkadaş', 'adam']"
female,['dişi']
fence,['çit']
ferry,['feribot']
fertile,"['gübre', 'üretken']"
fertilize,"['gübreleme', 'döllenme']"
festival,['festival']
fetch,['getirmek']
fever,['ateş']
few,"['az', 'bir kaç']"
fiance,['nişanlı']
fiction,['kurgu']
field,['alan']
fig,"['incir', 'çok önemsiz konu']"
fight,"['kavga', 'kavga etmek']"
figure,"['sayı', 'şekil', 'vücut']"
file,"['dosya', 'törpü', 'sıra']"
fill,['doldurmak']
film,['film']
final,['son']
finally,['sonunda']
finance,['finans']
find,['bulmak']
fine,"['iyi', 'ince', 'para cezası']"
finger,['parmak']
finish,"['bitim', 'bitmek']"
fire,"['yangın', 'ateş', 'işten kovmak']"
fire- brigade,['itfaiye']
firm,"['sert', 'firma']"
first,"['birinci', 'ilk']"
fiscal,"['devlete ait', 'mali', 'vergi']"
fish,['balık']
fist,['yumruk']
fit,"['uymak', 'uygun', 'ani hastalık']"
fix,"['yapıştırmak', 'tamir etmek', 'sabit']"
flag,['bayrak']
flake,['tane']
flame,['alev']
flash,['flaş']
flat,"['düz', 'apartman dairesi']"
flavour,['tat']
flea,['pire']
flee,['kaçmak']
fleet,['filo gemi']
flesh,['et']
flight,['uçuş']
flipper,"['yüzme paleti', 'yüzgeç']"
float,['batmadan yüzmek']
flock,['sürü']
flood,['sel']
floor,"['yapının tabanı', 'kat']"
florist,"['çiçekçi', 'çiçek yetiştiren kimse']"
flour,['un']
flower,['çiçek']
fluent,['akici']
fly,"['uçmak', 'sinek']"
foam,['köpük']
foam rubber,['sünger']
fog,['sis']
fold,['katlamak']
folk,['halk']
follow,"['izlemek', 'takip etmek']"
fond,"['hoşlanmak', 'memnun olmak']"
food,"['yiyecek', 'besin']"
fool,"['aptal', 'aptalca davranmak', 'kandırmak']"
foolish,['aptalca']
foot,['ayak']
football,['futbol']
footprint,['ayak izi']
for,['için']
forbid,['yasaklamak']
force,"['zorlamak', 'zor', 'fors']"
forecast,['tahmin']
forehead,['alın']
foreign,['yabancı']
foreman,"['ustabaşı', 'formen']"
forest,['orman']
forever,['devamli olarak']
forge,"['sahtesini yapmak', 'demir metale şekil vermek']"
forger,"['üçkağitçi', 'taklitçi']"
forget,['unutmak']
forgive,"['bağışlamak', 'affetmek']"
fork,['çatal']
form,"['şekil', 'şekillendirmek', 'form']"
formal,"['resmi', 'ciddi']"
former,['önceki zaman']
forthwith,"['derhal', 'hemen']"
fortnight,"['iki hafta', 'ondört gün']"
fortune,"['servet', 'alın yazısı', 'talih']"
forward,['ileri']
foul,"['pis', 'kirli']"
found,['inşa etmek']
foundation,"['temel', 'vakıf']"
fountain,['fıskiye']
fountain-pen,['dolma kalem']
fox,['tilki']
fragile,['kolay kirilabir']
frame,['çerçeve']
frank,"['açik sözlü', 'samimi']"
free,"['özgür', 'rahat']"
freedom,['özgürlük']
freeze,['donmak']
freight,"['hamule', 'navlun']"
fresh,['taze']
friday,['cuma']
fridge,['buzdolabı']
friend,['arkadaş']
friendly,['dostça']
fright,['korku']
frighten,['korkutmak']
frog,['kurbağa']
from,['den eki']
front,['ön']
frontier,['sınır']
frown,"['kaşını çatmak', 'memnun olmamak']"
fruit,['meyve']
fry,['kızartmak']
fugitive,['kanun kaçağı']
full,"['dolu', 'tamamen']"
full stop,['nokta']
fun,['eğlence']
fund,"['fon', 'kullanılabilir mali kaynak']"
fundamental,"['temel', 'önem', 'çok gerekli']"
funeral,['cenaze']
funny,"['komik', 'garip']"
fur,['kürk']
furnish,['döşemek']
further,['daha']
furthermore,"['yanında', 'ayrıca']"
fuse,['sigorta elektrik']
fuss,"['telaş', 'telaşlanmak']"
future,['gelecek']
gain,['kazanmak']
gallery,['galeri']
gamble,"['kumar oynamak', 'kumar']"
game,['oyun']
gang,['çete']
gaol,['hapishane']
gap,"['boşluk', 'fark']"
garage,['garaj']
garden,['bahçe']
garlic,['sarımsak']
gas,['gaz']
gate,['bahçe kapısı']
gather,"['toparlamak', 'toplanmak', 'anlamak']"
gay,"['mutlu', 'çok renkli', 'homo']"
gear,['vites']
general,['general']
generally,['genellikle']
generous,['cömert']
genius,['dahi']
gentle,['nazik']
gentleman,['centilmen']
germ,['mikrop']
get,"['almak', 'elde etmek', 'anlamak']"
ghost,"['hayalet', 'hortlak']"
gift,"['armağan', 'yetenek']"
gigolo,['jigolo']
ginger,"['zencefil', 'hafif kahverengi']"
gipsy,['çingene']
girl,['kız']
give,['vermek']
glad,['memnun']
gladly,['zevkle']
glass,"['cam', 'bardak']"
globe,"['küre', 'dünya']"
glorious,"['parlak', 'onurlu tarih']"
glory,"['onur', 'heyecan', 'güzellik']"
glove,['eldiven']
glue,['yapıştırıcı']
go,['gitmek']
goal,"['hedef', 'gaye', 'gol']"
goat,['keçi']
god,['tanrı']
gold,['altın']
golden,['altından']
goldfish,['akvaryum balığı']
good,"['iyi', 'devamlı uzun periyot ']"
good-looking,"['iyi görünümlü', 'yakışıklı']"
goose,['kaz']
gosh,['hayret']
gossip,['dedikodu']
govern,"['yönetmek', 'hükmetmek']"
government,['hükümet']
graduate,['mezun']
grain,"['tanecik', 'buğday ']"
grand,"['büyük', 'zevkli']"
grape,['üzüm']
grapefruit,['greyfurt']
grasp,['sıkıca tutmak']
grass,"['çim', 'çayır', 'ihbar etmek']"
grateful,['minnettar']
grave,"['mezar', 'kötü', 'önemli']"
gravestone,['mezartaşı']
graveyard,"['mezarlık', 'mezar']"
great,"['büyük', 'çok', 'çok iyi']"
green,"['yeşil', 'tecrübesiz', 'toy']"
greengrocer,['manav']
greeting,['kutlama']
grey,['gri']
grill,['gril']
grip,['sıkıca tutmak']
grocer,['bakkal']
groom,['damat']
ground,"['yer', 'toprak']"
group,"['gurup', 'topluluk']"
grow,"['büyümek', 'yetişmek']"
grumble,"['sızlanmak', 'yakınmak']"
guarantee,['garanti']
guard,['korumak']
guerrilla,['gerilla']
guess,['tahmin etmek']
guest,['konuk']
guide,"['rehber', 'rehberlik etmek']"
guided missile,['güdümlü roket']
guilt,"['suç', 'kabahat']"
guitar,['gitar']
gulf,['körfez']
gum,"['yapışkan', 'diş eti']"
gun,['silah']
guy,['adam']
habit,['alışkanlık']
habitat,['doğal yuva']
hail,['dolu yağış']
hair,"['saç', 'hayvan tüyü']"
hairdresser,"['kuaför', 'berber']"
hairdryer,['saç kurutma makinası']
half,['yarım']
hall,['hol']
halt,['dur']
hammer,"['çekiç', 'çekiçlemek']"
hand,['el']
hand grenade,['el bombası']
handbag,['el çantası']
handicap,['sakat']
handkerchief,['mendil']
handle,"['tutacak', 'işlemek', 'ele almak']"
handsome,['yakışıklı']
handwriting,['el yazısı']
hang,['asmak']
hang on,['bekle']
hangar,['hangar']
happen,['olmak']
happy,['mutlu']
harbour,['liman']
hard,"['sert', 'zor', 'katı']"
hardly,"['zorla', 'iyi değil']"
harm,"['zarar', 'kötülük']"
harmful,['zararlı']
harvest,['hasat']
haste,"['hız', 'acele']"
hat,['şapka']
hate,['nefret']
have,['sahip olmak']
hawk,"['atmaca', 'el arabasıyla satmak', 'seyyar satıcılık']"
hazard,"['tehlike', 'risk']"
head,"['baş', 'kafa']"
head quarters,"['merkez', 'karargah']"
headache,['baş ağrısı']
headline,['manşet']
headphone,['kulaklık']
health,['sağlık']
healthy,['sağlıklı']
hear,['duymak']
heart,"['kalp', 'kalp sembollü iskabil kağıdı']"
heat,['ısı']
heater,['ısıtıcı']
heaven,['cennet']
heavy,['ağır']
hectare,['hektar']
heel,['topuk']
height,['yükseklik']
heir,['mirasçı']
hell,['cehennem']
help,"['yardım', 'yardım etmek']"
hen,"['dişi kuş', 'piliç']"
here,"['burası', 'burada', 'buraya']"
heritage,['miras']
hero,['kahraman']
hesitate,"['duraksamak', 'tereddüt etmek']"
hiccup,['hıçkırık']
hide,"['saklanmak', 'saklamak']"
high,['yüksek']
hijack,"['korsanlık yapmak', 'araba']"
hijacker,"['korsan', 'eşkıya']"
hill,"['tepe', 'yokuş']"
hinge,"['menteşe', 'dayanak', 'esas']"
hire,['taşınabilir şeyleri kiralamak']
history,['tarih']
hit,"['darbe', 'çarpmak', 'popüler hit']"
hitch-hike,['otostop yapmak']
hobby,['hobi']
hold,"['tutmak', 'kavramak']"
hold on,['bekle']
hole,['delik']
holiday,['tatil günü']
hollow,['boş bir cismin arkası']
holy,['kutsal']
home,"['ev', 'yuva']"
homesick,['sıla hasreti']
honest,['dürüst']
honey,['bal']
honeymoon,['balayı']
honour,['onur']
hook,"['çengel', 'kanca']"
hop,"['sıçramak', 'zıplamak', 'sekmek']"
hope,['umut']
hopeless,['umutsuz']
horizon,['ufuk']
horizontal,['yatay']
horn,"['boynuz', 'korna']"
horrible,['korkunç']
horse,['at']
hose,['hortum']
hospital,['hastane']
host,['konuğu olan ev sahibi']
hostage,"['esir', 'rehine']"
hostel,"['öğrenci', 'konaklama yeri']"
hot,"['sıcak', 'yemeğin acısı']"
hotel,['otel']
hour,['saat']
hourly,['saat başı']
house,['ev']
housewife,['ev hanımı']
hover,['havada kalmak']
how,['nasıl']
however,['her şekilde']
hubbub,['gürültü']
hug,"['sarılmak', 'kucaklamak']"
huge,['çok büyük']
hum,"['vızıldamak', 'mırıldanmak']"
human,"['insan', 'beşeri']"
humble,['alçak gönüllü']
humour,"['güldürü', 'mizah']"
hungry,['aç']
hunt,['avlamak']
hurry,['acele etmek']
hurt,"['yaralamak', 'yaralanmak']"
husband,"['koca', 'erkek eş']"
hush,"['sakinlik', 'sessizlik', 'sus']"
hut,"['kulübe', 'baraka']"
ice,['buz']
ice-cream,['dondurma']
icy,"['çok soğuk', 'buzlu']"
idea,['fikir']
ideal,"['yetkin', 'ideal']"
identical,"['özdeş', 'çok benzeyen', 'aynı']"
identify,"['belirlemek', 'tanımlamak']"
idiot,['aptal']
idle,"['atıl', 'boş']"
if,['eğer']
ignition,"['tutuşma', 'kontak', 'ateşleme']"
ignore,['önemsememek']
ill,"['hasta', 'hastalık']"
illegal,['kanunsuz']
illustrate,['resimle göstermek']
image,"['hayal', 'imaj']"
imagination,"['tasavvur', 'hayal']"
imagine,['hayal etmek']
imitate,"['örnek almak', 'taklit etmek']"
imitation,['taklit']
immediate,"['anında', 'derhal']"
immense,['çok büyük']
immigrate,['göçmen']
immoral,"['ahlaksız', 'edepsiz']"
impair,['bozmak']
impatient,['sabırsız']
implement,"['yürürlüğe koymak', 'alet']"
imply,['ima etme']
impolite,"['kaba', 'nazik değil']"
import,['ithal etmek']
importance,['önem']
important,['önemli']
impossible,['olanaksız']
impress,['etkilemek']
impression,['etki']
impressive,"['etkili', 'etkileyici']"
improve,"['gelişmek', 'iyiye gitmek']"
improvement,['gelişme']
in,['içinde']
in order to,"['amacıyla', 'maksadıyla']"
incentive,['teşvik']
incident,['önemsiz olay']
incidentally,"['bu arada', 'tesadüfen']"
include,['kapsamak']
income,['gelir']
incorrect,"['hatalı', 'yanlış']"
increase,['artmak']
incredible,"['inanılmaz', 'büyüleyici']"
indeed,['gerçekten']
indefinite,['belirsiz']
indefinitely,"['sonsuz', 'süresiz']"
indemnify,"['tazminat ödemek', 'söz vermek', 'zararı karşılamak']"
indemnity,['tazminat']
independent,['bağımsız']
index,['index']
indicate,"['göstermek', 'işaret etmek']"
individual,"['bireysel', 'fert', 'özel']"
indoor,"['ev içinde', 'içerde']"
indorse,"['ciro etmek', 'onaylamak']"
industry,['endüstri']
inevitable,"['kaçinilmaz', 'herhalde olan']"
inferior,['aşağılık']
infinite,['sonsuz']
inflammable,['ateş alabilir']
inflate,['şişmek']
inflation,['enflasyon']
inflexible,"['eğilmesi zor', 'bükülmez', 'inatçi']"
influence,"['etki', 'etkilemek']"
inform,['bilgi vermek']
informal,"['resmi olmayan', 'gayrı resmi']"
information,"['bilgi', 'enformasyon']"
initial,"['ilk harf', 'birinci', 'baştaki']"
initiative,"['ilk hareket', 'başlatma', 'inisiyatif']"
inject,['şırınga yapmak']
injure,['incitmek']
ink,['mürekkep']
inn,"['han', 'motel']"
innocent,"['suçsuz', 'masum']"
inquire,['araştırmak']
inquiry,['soru']
insect,['böcek']
insecure,['emniyetsiz']
inside,['içerisi']
insist,['ısrar etmek']
insolvent,['müflis']
inspect,['incelemek']
inspector,['müfettiş']
inspire,"['esinleme', 'ilham gelmesi', 'empoze etmek']"
install,['yerleştirmek']
instance,['örnek']
instant,"['hizli', 'derhal']"
instead of,['yerine']
institute,"['enstitü', 'kuruluş']"
instruction,"['yönerge', 'talimat']"
instrument,['enstrüman']
insu lt,"['hakaret etme', 'onur kirma']"
insulate,['izole etmek']
intangible,"['manevi', 'maddi olmayan', 'varlik']"
intelligent,['zeki']
intend,"['planlamak', 'maksat', 'niyet']"
intense,"['derin üzüntü', 'güçlü duygu']"
intensive,['yoğun']
intention,['plan']
interest,"['ilgi duymak', 'faiz']"
interesting,['ilginç']
interfere,"['karışma müdahele etme', 'yayındaki parazit']"
intermediate,['arada']
international,['uluslararası']
interpret,"['çeviri', 'yorumlamak']"
interrupt,"['durdurmak', 'araya girmek']"
interval,"['aralık', 'ara']"
interview,"['röportaj', 'görüşme']"
intestines,['bağırsaklar']
into,['içine']
introduce,['tanıştırmak']
invade,['istila etmek']
invalid,['geçersiz']
invent,"['icat etmek', 'yaratmak']"
invest,['yatırım yapmak']
investigate,"['araştırma yapmak', 'çalışmak']"
invite,['davet etmek']
invoice,['fatura']
involve,"['içermek', 'karışmak', 'gerektirmek']"
iron,"['demir', 'ütü']"
ironically,"['tam aksi olma', 'ironik']"
irregular,['düzensiz']
irritate,"['kızdırmak', 'sinirlendirmek', 'tahriş']"
island,['ada']
issue,"['baskı', 'konu', 'vermek']"
it,['cansız işaret']
itch,['kaşınma']
item,['birim']
jack,"['kriko', 'vale iskambil kağıdı', 'torpil yaptırmak']"
jackal,['çakal']
jacket,['ceket']
jaguar,['jaguar']
jail,['hapis']
jam,"['reçel', 'sıkışıklık']"
january,['ocak ayı ']
jar,['kavanoz']
jaw,"['çene kemiği', 'çene çalmak', 'konuşmak']"
jazz,['caz']
jealous,['kıskanç']
jeans,"['jin', 'kot pantolon']"
jelly,['jöle']
jellyfish,"['denizanası', 'medüs', 'su medüsü']"
jet,"['jet', 'fışkırmak']"
jewel,['mücevher']
job,['iş']
jockey,['cokey']
join,"['birleştirmek', 'birleşmek']"
joint,['birleşik']
joke,['şaka']
jolly,['çok']
journal,"['gazete', 'dergi']"
journalist,['gazeteci']
journey,['yolculuk']
joy,"['mutluluk', 'eğlence']"
jubilee,['jübile']
judge,"['hakim', 'yargılamak']"
judgement,['yargı']
juice,['su meyve suyu ']
july,['temmuz']
jump,"['sıçramak', 'atlamak']"
june,['haziran']
jury,['jüri']
just,"['yalnız', 'hemen şimdi']"
justice,['adalet']
keen,['keskin']
keen on,['hoşlanmak']
keep,"['korumak', 'tutmak', 'devam etmek']"
ketchup,['ketçap']
key,['anahtar']
kick,"['tekme', 'tekmelemek']"
kid,"['çocuk', 'dalga geçmek', 'genç keçi']"
kidnap,['zorla kaçırmak']
kidney,['böbrek']
kill,['öldürmek']
kin,"['aile', 'akraba']"
kind,"['nazik', 'tür']"
king,['kral']
kingdom,['krallık']
kiss,"['öpücük', 'öpmek']"
kitchen,['mutfak']
knee,"['diz', 'diz çökmek']"
knife,['bıçak']
knight,"['silahşör', 'şovalye', 'satrançta at']"
knob,"['tokmak', 'tutacak']"
knock,['bir şeye vurmak']
knot,"['düğüm', 'düğüm atmak']"
know,['bilmek']
knowledge,['bilgi']
label,['etiket']
laboratory,['laboratuvar']
labour,"['el işi', 'işgücü']"
lack,['eksiklik']
ladder,['merdiven']
ladle,['kepçe yemek']
lady,['hanımefendi']
lake,['göl']
lamb,"['kuzu', 'kuzu', 'koyun eti']"
lame,['topal']
lamp,['lamba']
lamppost,['sokak lambası']
lampshade,['abajur']
land,"['kara', 'arazi']"
landlady,['ev sahibi']
lane,"['dar yol', 'yolun şeridi']"
language,['lisan']
large,['geniş']
lash,"['kamçı', 'birşeyi ani ve hızlı sallamak']"
last,"['son', 'sonunda', 'geçmiş']"
late,"['geç', 'sonu']"
laugh,['gülmek']
launch,"['birşeye başlamak', 'roket fırlatmak']"
laundry,"['yıkanacak çamaşır', 'çamaşırhane']"
laundrybasket,['çamaşır sepeti']
lavatory,['tuvalet']
law,"['yasa', 'kanun']"
lawful,['yasal']
lawyer,['avukat']
lay,"['koymak', 'yatırmak']"
lazy,['tembel']
lead,"['kurşun metali', 'kurşun kalem ucu']"
leader,"['önder', 'lider']"
leadership,['önderlik']
leaf,['yaprak']
league,"['birlik', 'lig']"
leak,"['akıntı', 'sızmak']"
lean,"['ince', 'yağsız', 'eğilmek']"
learn,['öğrenmek']
lease,['bir süre kiralama']
least,['en az']
leather,['deri']
leave,['terk etmek']
lecture,"['ders', 'konferans vermek']"
left,"['sol', 'kalan']"
leg,['bacak']
legacy,['miras']
legal,['yasal']
lemon,['limon']
lend,['ödünç vermek']
length,['uzunluk']
lens,['lens']
less,['daha az']
lesson,['ders']
let,['bırakmak']
letter,"['mektup', 'harf']"
letter box,['mektupluk']
lettuce,"['salata', 'kıvırcık']"
level,"['düzey', 'seviye']"
lever,"['kaldıraç', 'manivala']"
liar,['yalancı']
liberal,['liberal']
liberty,['serbest olmak']
library,"['kitaplık', 'kütüphane']"
licence,['lisans ehliyet ']
lick,['yalamak']
lid,['kapak']
lie,"['yalan', 'yalan söylemek']"
life,"['yaşam', 'hayat']"
lift,"['asansör', 'yukarı kaldırmak']"
light,"['ışık', 'açık renk', 'hafif']"
lighter,['çakmak']
like,"['hoşlanmak', 'gibi']"
likely,['muhtemelen']
limit,"['hat', 'sınır', 'limit']"
line,"['çizgi', 'satır', 'sıra']"
link,['birleştirmek']
lip,['dudak']
liquid,['sıvı']
liquidate,"['tasfiye etmek', 'kapatmak', 'kurtulmak']"
list,['liste']
listen,['dinlemek']
literature,['edebiyat']
litter,"['çöp', 'dağınıklık']"
little,['küçük']
live,['canlı']
liver,['karaciğer']
lives,['yaşamlar']
living,['yaşam biçimi']
load,"['yük', 'yüklemek', 'silah doldurmak']"
loaf,"['bütün ekmek', 'vakti boşa geçirmek']"
loan,"['ödünç vermek', 'borç vermek', 'borç']"
lobster,['istakoz']
local,"['bölgesel', 'yerel']"
locate,"['kurmak', 'yerleştirmek']"
lock,"['kilitlemek', 'kilit']"
lonely,"['yalnız', 'kimsesiz']"
long,['uzun']
look,"['bakmak', 'bakış']"
loose,"['bol', 'bağsız']"
lorry,['kamyon']
lose,['kaybetmek']
loss,"['kayıp', 'zarar']"
lot,['çok']
loud,['yüksek sesli']
love,"['sevgi', 'aşk']"
lovely,['sevimli']
low,"['alçak', 'düşük']"
lower,['aşağıya indirmek']
loyal,['sadık']
loyalty,"['sadakat', 'bağlılık']"
luck,['şans']
lucky,['şanslı']
luggage,"['valiz', 'yük']"
lunch,['öğle yemeği']
lung,['akciğer']
luxury,['lüks']
machine,['makine']
machine-gun,['makineli tüfek']
mad,['deli']
madam,"['madam', 'bayan']"
magazine,"['silah deposu', 'magazin', 'silahın şarjörü']"
magic,['büyü']
magnet,['mıknatıs']
magnificent,"['azamet', 'ihtişam']"
magnifying -glass,['büyüteç']
maid,['kadın hizmetçi']
mail,['posta']
main,"['ana', 'esas']"
maintain,"['bakım', 'eski halinde koruma', 'destekleme']"
major,"['büyük', 'önemli', 'binbaşı']"
majority,['çoğunluk']
make,"['yapmak', 'çeşit']"
make-up,"['makyaj', 'uydurmak']"
male,['erkek']
man,['adam']
manage,"['yönetmek', 'kontrol etmek']"
management,"['yönetim', 'idare']"
manager,"['yönetici', 'menajer']"
maniac,['manyak']
manner,"['tavır', 'görgü']"
manual,['el ile yapılan']
manufacture,['üretmek']
many,['birçok']
map,['harita']
march,"['marş', 'yürüyüş', 'mart ayı']"
margin,"['marj', 'katkı']"
mark,"['işaretlemek', 'işaret']"
market,"['pazar', 'piyasa']"
marmalade,['marmelat']
marry,['evlenmek']
marvellous,"['şahane', 'harika']"
mask,['maske']
mass,"['kütle', 'kitle', 'kalabalık']"
massacre,"['katliam', 'katliam yapmak']"
massive,"['çok büyük', 'çok ağır']"
master,"['usta', 'asıl', 'kalıp']"
mat,"['hasır', 'paspas']"
match,"['maç', 'kibrit', 'uyuşmak']"
mate,['arkadaş']
material,"['malzeme', 'kumaş']"
mathematics,['matematik']
matter,"['mesele', 'önemli olmak']"
mattress,"['yatak', 'sedir']"
mature,['olgun canlı']
maturity,"['olgunluk zamanı', 'vade zamanı']"
maximum,"['maksimum', 'azami']"
may,['mayıs']
maybe,['belki']
me,"['bana', 'ben']"
meadow,"['çayır', 'mera']"
meal,['yemek']
mean,"['anlam', 'istemek', 'ortalama']"
meaning,['anlam']
means,"['stil', 'yol', 'yardım']"
meantime,['bu arada']
meanwhile,"['bu arada', 'aynı anda']"
measure,['ölçü']
meat,['et']
mechanic,"['tamirci', 'mekanik', 'makinist']"
medal,['madalya']
medical,['tıbbi']
medicine,"['ilaç', 'tıp']"
meet,"['buluşmak', 'karşılamak']"
meeting,"['toplantı', 'miting']"
melody,"['ezgi', 'melodi']"
melon,['kavun']
melt,['erimek']
member,['üye']
memorable,['unutulmaz']
memorandum,"['not', 'bildiri']"
memorial,['anıt']
memorize,['ezberlemek']
memory,['hafıza']
men,['adamlar']
mend,['tamir etmek']
mental,['zihinsel']
mention,['bahsetmek']
merchant,['tüccar']
mercy,['merhamet']
mere,"['sadece', 'yalnızca']"
merely,"['sadece', 'ancak']"
merge,"['birleşermek', 'konsolidasyon', 'devlet']"
merit,"['haketmek', 'değmek']"
merry,['mutlu']
mess,"['kargaşalık', 'dağınıklık']"
message,['mesaj']
metal,['metal']
meter,['ölçek']
method,['metot']
metre,['metre']
mice,['fareler']
middle,['orta']
midnight,['gece yarısı']
might,"['kuvvet', 'kudret', 'belki']"
mike,['mikrofon']
mild,"['hafif', 'yumuşak', 'ılık']"
military,['askeri']
milk,['süt']
mill,"['değirmen', 'imalathane']"
millet,['darı']
millionaire,['milyoner']
mimic,['taklit etmek']
mince,"['kıyma et', 'kıymak']"
mind,['akıl']
mine,"['benim', 'maden ocağı', 'mayın']"
minimum,['enaz']
minister,"['bakan', 'büyükelçi yardımcısı']"
minor,"['önemsiz', 'ufak', 'minör']"
minority,['azınlık']
minus,['eksi işareti']
minute,"['dakika', 'çok küçük', 'zabıt']"
miracle,['mucize']
mirror,['ayna']
miser,"['hasis', 'cimri']"
miserable,['sefil']
misery,['sefalet']
mislay,['nereye koyduğunu unutmak']
miss,"['özlemek', 'kaçırmak', 'kayıp']"
missile,"['füze', 'fırlatılan cisim']"
mission,"['görev', 'misyon']"
mistake,['hata']
misunderstand,['yanlış anlamak']
mix,"['karıştırmak', 'karışmak']"
mobile,"['oynak', 'hareketli']"
model,"['araç modeli', 'manken']"
moderate,"['ılımlı', 'ortada']"
modern,"['modern', 'çağdaş']"
modest,"['alçakgönüllü', 'ılımlı']"
moisture,['nem']
mole,"['köstebek', 'vücuttaki ben']"
moment,['an']
monday,['pazartesi']
money,['para']
monkey,['maymun']
month,['yılın ayı']
monument,"['anıt', 'abide']"
mood,"['mizaç', 'ruh hali']"
moon,['ay']
moral,['ahlak']
morale,['moral']
more,['daha fazla']
morning,['sabah']
mortgage,['ipotek']
mosque,['cami']
mosquito,['sivrisinek']
moss,['yosun']
most,['en çok']
mother,['anne']
motion,"['hareket', 'önerme']"
motive,"['motivasyon', 'güdü']"
motor,['motor']
mountain,['dağ']
mouse,['fare']
mouth,['ağız']
move,['hareket ettirmek']
movement,['hareket']
much,['çok']
mud,['çamur']
mud-guard,['çamurluk']
multiply,"['çarpmak', 'çoğalmak']"
murder,['cinayet']
murmur,"['mırıldanmak', 'uğultu']"
muscle,"['pazu', 'kas']"
museum,['müze']
mushroom,['mantar']
music,['müzik']
muslim,['müslüman']
must,['zorunluluk']
mustard,['hardal']
mute,"['sesiz', 'dilsiz']"
mutter,"['mırıldanmak', 'kısık sesle söylenmek']"
mutual,"['müşterek', 'karşılıklı', 'ortak']"
my,['benim']
mystery,"['esrar', 'bilinmezlik']"
nail,"['tırnak', 'çivi']"
name,['isim']
napkin,['peçete']
narrate,"['anlatmak', 'söylemek']"
narrow,['dar']
nasty,"['pis', 'kötü kokulu', 'hoş olmayan']"
nation,['ulus']
national,['ulusal']
native,['yerel']
natural,['doğal']
nature,['doğa']
naughty,['yaramaz']
near,['yakın']
necessary,['gerekli']
necessity,['gereklilik']
neck,"['boyun', 'ense']"
need,"['gereksinim', 'ihtiyaç']"
needle,"['iğne', 'şiş']"
needless,['lüzumsuz']
neglect,['ihmal etmek']
negotiate,"['görüşmek', 'müzakere']"
neighbour,['komşu']
neither,['hiçbiri']
nephew,['yeğen erkek']
nervous,['sinirli']
nest,"['yuva', 'kuş yuvası']"
net,"['ağ', 'brütün tersi']"
network,"['şebeke', 'çalışma ağı']"
never,"['hiçbir zaman', 'asla']"
nevertheless,"['buna rağmen', 'hala', 'ama']"
new,['yeni']
news,['haber']
newspaper,['gazete']
next,"['en yakın', 'bir sonraki', 'ertesi']"
nice,['hoş']
nickname,"['takılmış ad', 'lakap']"
niece,['yeğen kız']
night,['gece']
nightmare,['kabus']
nil,"['sıfır', 'boşluk']"
no,['hayır']
noble,['soylu']
nobody,['hiç kimse']
noise,['gürültü']
nominate,"['aday göstermek', 'atamak', 'görevlendirme']"
none,['hiçbirisi']
nonsense,['saçma']
noon,['öğle zamanı']
normal,['normal']
north,['kuzey']
nose,['burun']
not,['değil']
note,"['not', 'kağıt para', 'nota']"
nothing,['hiçbir şey']
notice,"['duyuru', 'dikkatini çekmek']"
notorious,"['kötü ünlü', 'kötü ün']"
novel,['roman']
november,['kasım']
now,['şimdi']
nowadays,['bugünlerde']
nowhere,['hiç biryer']
nude,['çıplak']
nuisance,"['sıkıntı', 'dert']"
number,"['sayı', 'numaralandırmak']"
nurse,"['hemşire', 'hastabakıcı']"
nut,"['kuruyemiş fındık', 'somun']"
nylon,['naylon']
oak,['meşe']
oar,['kürek']
oasis,['vaha']
obey,"['söz dinlemek', 'itaat etmek']"
object,['itiraz etmek']
oblige,"['zorunlu kılmak', 'memnun etmek']"
observation,['gözlem']
observe,['gözlem yapmak']
obtain,"['tedarik etmek', 'sağlamak']"
obvious,['aşikar']
occasion,['vesile']
occupation,"['meslek', 'işgal']"
occupy,"['meşgul etmek', 'oturmak', 'kaplamak']"
occur,['olmak']
ocean,['okyanus']
october,['ekim ayı ']
odd,"['tuhaf', 'acayip']"
of,"['iyelik eki', 'nın']"
off,"['yok olmak', 'eksilmek']"
offence,"['yasadışı iş', 'saldırı', 'ofens']"
offend,"['kızdırmak', 'incitmek birini']"
offer,['teklif etmek']
office,['ofis']
officer,"['subay', 'memur']"
official,['resmi']
often,['sık sık']
oil,"['yağ', 'petrol']"
okay ok),"['peki', 'tamam']"
old,"['eski', 'yaşlı']"
old-fashioned,['eski moda']
omelette,['omlet']
omit,"['atlamak', 'hariç bırakmak']"
on,['üzerinde']
once,"['bir kez', 'bir an önce']"
one,['bir']
onion,['soğan']
only,"['sadece', 'yalnızca']"
open,"['açık', 'açmak']"
operate,['çalışmak']
operation,"['operasyon', 'ameliyat']"
operator,['operatör']
opinion,['düşünce']
opportunity,['fırsat']
opposite,"['zıt', 'ters']"
optimist,['iyimser']
option,"['seçme', 'seçenek', 'opsiyon']"
or,['veya']
oral,['sözlü']
orange,"['portakal', 'turuncu']"
orbit,['yörünge']
orchard,['bostan']
order,"['emir', 'sipariş', 'düzen']"
ordinary,"['sıradan', 'normal']"
organ,"['organ', 'organizasyon', 'kuruluş']"
organize,['organize etmek']
origin,"['köken', 'orijin']"
original,"['orjinal', 'ilk', 'yeni']"
other,['diğer']
otherwise,"['başka türlü', 'yoksa', 'aksi taktirde']"
our,['bizim']
out,['dışarı']
outline,"['ana hat', 'özetlemek']"
out of date,"['modası geçmiş', 'eski']"
output,['çıktı']
outside,['dışarı']
oval,['oval']
oven,['fırın']
over,"['üstünde', 'bitmek']"
overcome,['üstesinden gelmek']
overdo,"['fazla pişirmek', 'fazla yapmak']"
overdue,['vadesi geçmiş']
overtake,"['geçmek', 'sollamak']"
overtime,['fazla mesai']
overwork,"['fazla çalışmak', 'aşırı çalışmak']"
owe,['borçlu olmak']
owl,['baykuş']
own,['sahip olmak']
owner,['sahip']
ox,['boğa']
oxygen,['oksijen']
oyster,['istiridye']
pack,['paketlemek']
packed,"['kalabalık', 'bir sürü insan']"
packet,['paket']
page,['sayfa']
pain,"['acı', 'ağrı']"
painful,['ağrılı']
paint,"['boyamak', 'boya']"
painter,"['ressam', 'boyacı']"
pair,['çift']
palace,['saray']
pale,"['soluk', 'solgun renk']"
palm,"['avuç', 'palmiye ağacı']"
pan,['tava']
panel,['panel']
panic,['panik']
pants,"['don', 'pantolon']"
paper,"['kağıt', 'evrak']"
parachute,['paraşüt']
parade,['resmi geçit']
paradise,['cennet']
paragraph,['paragraf']
parcel,['parça']
pardon,['pardon']
parent,['ana baba']
park,"['park', 'park etmek']"
parliament,['parlamento']
parrot,['papağan']
part,"['kısım', 'bölüm', 'ayırmak']"
participate,"['ekipçe çalışma', 'oynama', 'katılma']"
particular,"['yalnız', 'özel', 'titiz']"
partner,"['ortak', 'partner']"
part-time,['yarım gün']
party,['parti']
pass,"['geçmek', 'geçirmek']"
passage,['pasaj']
passenger,['yolcu']
passive,"['pasif', 'eylemsiz']"
passport,['pasaport']
password,['parola']
past,['geçmiş']
pasta,['makarna']
paste,"['beyaz tutkal', 'macun', 'hamur']"
pastime,['hoş iyi zaman']
path,"['patika', 'küçük yol']"
patience,['sabır']
patient,"['sabırlı', 'hasta']"
patrol,['devriye']
patron,"['destekleyici kişi', 'devamlı müşteri']"
pause,"['mola', 'ara']"
paw,['hayvan pençesi']
pay,['ödemek']
payment,['ödeme']
pea,['bezelye']
peace,['barış']
peach,['şeftali']
peak,"['zirve', 'tepe']"
peanut,['yer fıstığı']
pear,['armut']
pearl,['inci']
peasant,"['çiftçi', 'köylü kesim']"
peculiar,['garip']
pedal,['pedal']
pedestrian,['yaya giden']
peel,['kabuğunu soymak']
pen,"['ağıl', 'tükenmez kalem']"
penalty,['ceza']
pencil,['kurşun kalem']
penknife,['çakı']
pension,['emekli maaşı']
people,['halk']
pepper,['biber']
per,['her']
perfect,"['kusursuz', 'yetkin']"
perform,"['çalışmak', 'uygulamak']"
performance,['performans']
perfume,['parfüm']
perhaps,['belki']
peril,['büyük tehlike']
period,"['dönem', 'süre', 'periyot']"
permanent,"['devamlı', 'sürekli']"
permission,['izin']
permit,"['izin vermek', 'izin kağıdı']"
persist,['devam etmek']
person,['kişi']
personality,['kişilik']
persuade,['ikna etmek']
pessimist,['kötümser']
petrol,['petrol']
petrol station,['benzinci']
philosophy,['fizolofi']
phone,['telefon']
photo,['fotoğraf']
physical,['fiziksel']
piano,['piyano']
pick,"['toplamak', 'seçmek']"
picket,"['grev gözcüsü', 'fabrika önünde bekleme']"
pickle,['turşu']
pickpocket,['yankesici']
picnic,['piknik']
picture,['resim']
pie,"['pasta', 'börek']"
piece,['parça']
pig,['domuz']
pigeon,['güvercin']
pile,['üst üste koymak']
pill,['hap']
pillow,['yastık']
pillowcase,['yastık kılıfı']
pilot,['pilot']
pin,['toplu iğne']
pincers,"['kerpeten', 'yengecin kıskacı']"
pinch,"['çimdiklemek', 'sıkıştırmak kapıya']"
pine,['çam']
pineapple,['ananas']
pink,['pembe']
pioneer,['öncü']
pipe,"['boru', 'pipo', 'flüt']"
pistol,['tabanca']
pity,['yazık']
place,"['yer', 'yerleştirmek']"
plain,"['açık', 'ortada', 'düz']"
plan,"['plan', 'planlamak']"
plane,['uçak']
plant,"['bitki', 'dikmek', 'tesis']"
plantation,['ekili yer']
plastic,['plastik']
plate,['tabak']
platform,"['platform', 'kürsü', 'peron']"
play,"['oynamak', 'müzik aleti çalmak']"
player,"['oyuncu', 'çalan']"
playground,['oyun sahası']
pleasant,"['keyifli', 'zevkli']"
please,"['lütfen', 'umutlandırmak']"
pleasure,['zevk']
plenty,['çok sayıda']
plough,['toprağı sürmek']
plug,"['fiş', 'banyo tıkacı']"
plum,"['erik', 'bonbon sekeri']"
plumber,['musluk tamircisi']
plus,['artı']
pocket,['cep']
poem,['şiir']
poet,"['şair', 'ozan']"
poetry,"['şiirler', 'şairlik', 'şiirle ilgili']"
point,"['nokta', 'uç']"
poison,['zehir']
pole,"['kutup', 'direk', 'kazık']"
police,['polis']
policy,"['poliçe', 'yönetim ilkesi', 'politika']"
polish,['parlatmak']
polite,['kibar']
political,['politik']
politician,"['politikacı', 'politikayla uğraşan']"
politics,['politik']
pool,['havuz']
poor,"['yoksul', 'zavallı']"
population,['nüfus']
porcelain,['porselen']
pork,['domuz eti']
port,['liman']
porter,"['hammal', 'kapıcı']"
position,"['durum', 'konum']"
positive,"['emin', 'kesin', 'olumlu']"
possess,['sahip olmak']
possession,['sahiplik']
possibility,['olasılık']
possible,"['olası', 'mümkün']"
post,"['posta', 'işaret', 'devriye gezmek']"
postage,['posta ücreti']
postpone,['ertelemek']
pot,['tencere']
potato,['patates']
pour,"['dökmek', 'akıtmak']"
poverty,['fakirlik']
powder,"['toz', 'pudra']"
power,['güç']
power of attorney,['vekaletname']
powerful,['güçlü']
power-house,"['elektrik santralı', 'olağanüstü enerjiye sahip']"
practical,['pratik']
practice,['alıştırma']
practise,['alıştırma yapmak']
praise,['övmek']
pray,['dua etmek']
preach,['vaaz vermek']
precious,"['kıymetli', 'çok sevilen']"
precisely,"['kesinlikle', 'tam manasıyla']"
predict,['tahmin etmek']
prefer,"['yeğlemek', 'tercih etmek']"
pregnant,['hamile']
prejudice,['önyargı']
preparation,['hazırlık']
prepare,['hazırlamak']
prescription,['reçete']
presence,"['varlık', 'bulunma']"
present,"['sunmak', 'mevcut', 'hediye']"
preserve,"['korumak', 'konserve yapmak']"
president,['başkan']
press,"['baskı', 'ütüleme', 'basın']"
pressure,"['basınç', 'baskı']"
pretend,"['gibi gözükmek', 'taklit yapmak']"
pretty,"['sevimli', 'oldukça']"
prevent,['korumak']
previous,['önceki']
price,['fiyat']
pride,"['onur', 'gurur']"
priest,['rahip']
primarily,['öncelikle']
primary,"['birincil', 'eskiden', 'temel']"
primitive,"['ilkel', 'basit', 'modası geçmiş']"
prince,['prens']
principal,"['en önemli', 'prensip', 'ana para borçta']"
print,"['yazdırmak', 'iz']"
priority,['öncelik']
prison,['hapis']
prisoner,"['mahkum', 'esir']"
private,['özel']
privilege,['imtiyaz']
prize,['ödül']
probable,['olası']
problem,"['sorun', 'problem']"
process,['işlem']
produce,['üretmek']
product,['ürün']
production,['üretim']
profession,['meslek']
profit,['kar']
programme,['program']
progress,['gelişme']
prohibit,['yasaklamak']
promise,['söz vermek']
promote,"['ilerleme', 'terfi etme', 'ürün tanıtımı']"
promotion,['terfi']
pronounce,['telaffuz etmek']
proof,['kanıt']
propeller,"['itki', 'vapur veya uçak pervanesi']"
proper,"['uygun', 'doğru']"
property,"['mal', 'mülk']"
proportion,['orantı']
proposal,"['plan', 'öneri']"
propose,"['planını açıklamak', 'evlilik teklif etmek']"
prosecute,"['takip etmek', 'kavuşturmak', 'dava açmak']"
prostitution,['fuhuş']
protect,['korumak']
protest,['protesto']
proud,['gururlu']
prove,['kanıtlamak']
proverb,['ata sözü']
provide,"['sağlamak', 'tedarik etmek']"
provocation,['kışkırtma']
provoke,['kışkırtmak']
pub,['birahane']
public,"['halk', 'kamuya açık']"
publicity,"['ilan', 'reklam', 'yayınlama']"
publish,['basım bir yayını']
pull,['çekmek']
pull up,['aracı durdurmak']
pullover,"['kazak', 'arabayı durdurmak', 'kenara çekmek']"
pulse,"['nabız', 'vuruş']"
pump,['pompa']
pumpkin,['kabak']
punch,"['delmek', 'yumruklamak']"
punctual,['tam zamanında']
punish,['cezalandırmak']
pupil,"['öğrenci', 'gözbebeği']"
puppet,['kukla']
puppy,['genç köpek']
purchase,['satın almak']
pure,"['saf', 'temiz']"
purple,['mor']
purpose,['amaç']
purse,['küçük el çantası']
push,['itmek']
put,['koymak']
puzzle,"['bulmaca', 'problem']"
pyjamas,['pijama']
pyramid,['piramit']
qualified,"['ehliyetli', 'kalifiye']"
quality,"['nitelik', 'kalite']"
quantity,['miktar']
quarrel,"['tartışmak', 'atışmak']"
quarter,['çeyrek']
queen,['kraliçe']
question,"['soru', 'sormak']"
queue,"['sıra', 'kuyruk']"
quick,['çabuk']
quiet,"['sessiz', 'sakin', 'huzurlu']"
quite,['yaklaşık olarak']
quiz,['küçük test']
quota,"['kota', 'kontenjan']"
quote,"['aktarma', 'söyleme']"
rabbit,['tavşan']
race,['ırk']
racket,['raket']
radar,['radar']
radiator,['radyatör']
radio,['radyo']
rail,['ray']
railing,['bahce çiti']
railway,['tren yolu']
rain,['yağmur']
raincoat,['yağmurluk']
raise,"['yükseltmek', 'zam yapmak', 'yetiştirmek']"
ram,"['koç', 'vurmak', 'toslamak']"
range,"['aralık', 'alan']"
rank,"['sıra', 'rütbe', 'sosyal sınıf']"
rapid,"['çabuk', 'hızlı']"
rare,['nadir']
rash,"['hızlı', 'acele', 'çil']"
rat,['fare']
rate,"['hız', 'oran']"
rather,"['epey', 'çok değil']"
raw,"['ham', 'çiğ']"
razor,"['ustura', 'traş makinesi']"
reach,['erişmek']
read,['okumak']
ready,['hazır']
realize,"['fark etmek', 'idrak etmek']"
really,['gerçekten']
rear,"['arka', 'yetiştirmek']"
reason,"['neden', 'akıl']"
reasonable,['makul']
recall,['anımsamak']
receipt,['makbuz']
receive,"['almak', 'karşılamak']"
recent,['yakın zamanda']
reception,"['resmi davet', 'resepsiyon']"
recession,"['duraklama', 'gerileme', 'ekonomide durgunluk']"
recipe,['yemek tarifi']
recognize,['tanımak']
recollect,['hatırlamak']
recommend,['tavsiye etmek']
reconcile,"['uzlaşma', 'anlaşma yapmak']"
reconciliation,['uzlaşma']
record,"['kayıt', 'plak', 'rekor']"
recover,"['iyileşmek', 'kaybedilen bir şeyi bulmak']"
red,"['kırmızı', 'kızıl']"
reduce,['azaltmak']
referee,['hakem']
referendum,"['referandum', 'halk oylaması']"
refill,['doldurmak']
reflect,['yansıtmak']
refreshments,"['içecek', 'serinletme', 'ikramlar']"
refrigerator,['buzdolabı']
refuge,"['refüj', 'güvenli yer']"
refugee,"['tehlikeden kaçan', 'kazazede']"
refuse,['reddetmek']
regard,"['bakmak', 'saygı', 'inanmak']"
region,['bölge']
register,"['kütük', 'sicil', 'kayıt']"
regret,"['üzgün olmak', 'pişman olmak']"
regular,"['düzenli', 'olağan']"
regulation,"['yönetmelik', 'yasa']"
reject,['kabul etmemek']
relate,"['anlatmak', 'nakletmek']"
relation,"['ilişki', 'akrabalık']"
relationship,"['ilişki', 'iletişim']"
relative,"['akraba', 'göreceli']"
relax,"['rahatlamak', 'gevşemek']"
release,"['serbest bırakmak', 'gevşetmek']"
relevant,"['bağıntılı', 'konuyla ilişkili']"
reliable,['güvenilir']
relief,['rahatlama']
relieve,['uzaklaştırmak']
religion,['din']
reluctant,['isteksiz']
remain,"['geriye kalmak', 'yerinde durmak']"
remark,"['belirtmek', 'açıklama']"
remarkable,['dikkate değer']
remedy,['çare']
remember,"['unutmamak', 'anımsamak']"
remind,['anımsatmak']
remit,"['affetmek', 'bağışlamak']"
remittance,['havele para']
remote,['uzak']
remove,['uzaklaştırmak']
rent,['kiralamak']
repair,['onarmak']
repay,['geri ödemek']
repeat,['tekrarlamak']
replace,['yeniden yerleştirmek']
replacement,['yerleştirme']
reply,['yanıtlamak']
report,"['rapor', 'rapor etmek']"
represent,['temsil etmek']
representativ e,['temsilci']
republic,['cumhuriyet']
reputation,"['itibar', 'ün']"
request,"['rica etmek', 'rica']"
require,['gereksinmek']
rescue,['ku rtarmak']
research,['araştırma']
resent,"['hoşlanmamak', 'kızmak']"
reserve,"['rezerv', 'rezervasyon yaptırmak']"
reside,"['oturmak', 'ikamet etmek']"
resident,"['bölgede yaşayan', 'oturan']"
resign,['istifa etmek']
resist,['karşı koymak']
respect,['saygı duymak']
respectable,['saygıdeğer']
respond,['cevap vermek']
responsible,['sorumlu']
rest,['dinlenmek']
restaurant,"['restoran', 'lokanta']"
restore,"['geri verme', 'yeniden kullanıma açma']"
restrict,['sınırlamak']
result,['sonuç']
resume,['yeniden başlamak']
retail,"['parekende', 'parekende satış']"
retaliation,"['intikam', 'tepki', 'misilleme']"
retire,['emekli olmak']
return,['geri dönmek']
revenge,"['öç almak', 'intikam']"
revenue,['gelir']
reverse,"['ters', 'arkası', 'geri']"
revise,['revize etmek']
revolution,['devrim']
reward,['ödül']
rib,['kaburga']
ribbon,"['kurdela', 'şerit']"
rice,['pirinç']
rich,['zengin']
rid,"['atmak', 'fırlatmak']"
ride,"['ata', 'bisiklete binmek']"
ridiculous,"['gülünç', 'saçma']"
rifle,['tüfek']
right,"['hak', 'haklı', 'sağ taraf']"
ring,"['yüzük', 'halka']"
ripe,"['olgun', 'ham değil']"
rise,['yükselmek']
risk,['risk']
risky,['riskli']
river,['nehir']
road,['yol']
roar,['kükreme']
roast,"['rosto', 'fırında pişirmek']"
rob,['soygun']
rock,"['kaya', 'sallanmak']"
rocket,['roket']
role,['rol']
roll,['yuvarlanmak']
roof,['çatı']
room,['oda']
root,['kök']
rope,"['halat', 'ip']"
rose,"['gül', 'pembe']"
rough,['kaba']
round,['yuvarlak']
roundabout,"['döner kavşak', 'dolaylı', 'yaklaşık olarak']"
route,['rota']
row,"['sıra', 'gürültü']"
royal,['kraliyete ait']
rub,"['sürmek', 'sürtmek', 'ovmak']"
rubber,"['lastik', 'kauçuk', 'silgi']"
rubbish,"['çöp', 'saçma']"
rude,['kaba']
rug,"['küçük halı', 'kilim']"
ruin,"['harabe', 'yıkım', 'mahvetme']"
rule,"['yönetmek', 'kural']"
ruler,"['kural koyucu', 'yönetici', 'cetvel']"
rumble,['gürlemek']
run,"['koşmak', 'fabrika çalıştırmak', 'şirket']"
runaway,"['kaçak', 'kontrol dışı']"
rush,['çabuk davranmak']
rust,['pas']
sabotage,['sabotaj']
sack,['çuval']
sacrifice,"['kurban', 'fedakarlık']"
sad,"['üzgün', 'mutsuz']"
saddle,['eğer']
safari,"['safari', 'hayvan avlama yolculuğu']"
safe,"['güvenli', 'emin', 'kasa']"
safety-belt,['emniyet kemeri']
safety-pin,['çengelli iğne']
sail,['deniz yolculuğu']
sailor,['denizci']
sake,"['hatır', 'uğruna']"
salad,['salata']
salary,['maaş']
sale,['satış']
salmon,"['som baliği', 'sarımsı pembe renk']"
saloon,"['salon', 'gemi salonu']"
salt,['tuz']
salute,['selam duruşu']
same,"['aynı', 'farksız']"
sample,"['örnek', 'numune']"
sand,['kum']
sandal,['sandalet']
sandpaper,"['zımpara kağidi', 'zımparalamak']"
sandwich,['sandviç']
sardine,['sardalya']
satellite,['uydu']
satin,"['saten', 'atlas']"
satisfy,['tatmin etmek']
saturday,['cumartesi']
sauce,"['salça', 'yenebilir sos']"
saucepan,['tava']
saucer,['bardak altlığı']
sausage,['sosis']
savage,"['vahşi', 'yabani', 'yirtici']"
save,"['korumak', 'tasarruf etmek']"
savour,"['tat', 'lezzet', 'çeşni']"
saw,"['testere', 'görmek']"
saxophone,['saksafon']
say,"['demek', 'söylemek']"
scale,"['ölçek', 'tart']"
scandal,['skandal']
scarce,['kıt']
scare,['korkutmak']
scarf,['atki']
scene,"['olayın geçtiği yer', 'manzara', 'film sahnesi']"
scheme,"['plan', 'proje']"
scholarship,['burs']
school,['okul']
science,['bilim']
scissors,['makas']
scone,['üzümlü ekmek ve tereyağı']
score,['skor']
scorpion,['akrep']
scramble,"['çırpmak', 'hızlı hareket', 'tırmanış']"
scrape,"['kazımak', 'sıyrık', 'artık']"
scratch,"['tırmalamak', 'kaşımak']"
scream,['çığlık']
screen,"['ekran', 'perde', 'perdelemek']"
screw,"['vidalamak', 'vida', 'kazıklamak']"
scruff,"['ense', 'kirli', 'pasaklı insan']"
sea,['deniz']
seal,"['mühür', 'fok balığı', 'damga']"
search,['araştırmak']
seashore,['deniz kıyısı']
seaside,['deniz kenarı']
season,"['mevsim', 'sezon']"
seat,['oturulacak yer']
seat-belt,['emniyet kemeri']
second,"['saniye', 'ikinci']"
second-rate,"['ikinci derece', 'kalite']"
secret,"['giz', 'sır']"
secretary,['sekreter']
section,"['kısım', 'bölüm']"
secure,"['emniyetli', 'sağlam']"
see,"['görmek', 'fark etmek', 'anlamak']"
see over,"['imtihan etmek', 'kontrol etmek']"
seed,"['tohum', 'çekirdek']"
seek,"['aramak', 'soruşturmak']"
seem,['görünmek']
segment,"['bölüm', 'parça', 'dilimlemek']"
seize,"['kapmak', 'hızla bir şeyi ele geçirmek']"
seldom,"['ara sıra', 'sık değil']"
select,['seçmek']
selection,['seçim']
selfish,['bencil']
sell,['satmak']
semi,['yarı']
senate,['senato']
send,['göndermek']
senior,['kıdemce büyük']
sense,['duyu']
senseless,"['aptalca', 'bilinçsiz']"
sensible,['akıllı']
sensitive,"['duyarlı', 'alıngan']"
sentence,"['cümle', 'hüküm giyme', 'mahkum olma']"
separate,"['ayrı', 'ayırmak']"
september,['eylül']
sergeant,['çavuş']
serial,"['seri', 'radyo', 'hikaye ']"
serious,['ciddi']
sermon,['vaaz']
servant,['hizmetçi']
serve,"['hizmet etmek', 'servis yapmak']"
service,['servis']
serviette,['peçete']
set,"['ayarlamak', 'yerleştirmek', 'hazırlamak']"
set off,"['seyahate başlamak', 'yola çıkmak']"
set out,"['seyahate başlamak', 'yola çıkmak']"
set on,['atak']
settle,"['durup dinlenmek', 'alışmak', 'yerleşmek']"
settlement,['anlaşma']
several,['bir kaç']
severe,"['sert', 'ciddi']"
sew,['dikiş dikmek']
sex,"['cinsiyet', 'cins']"
shade,"['gölge', 'gölgelemek']"
shadow,"['haranlık', 'gölge']"
shake,['sarsmak']
shallow,['sığ']
shame,['utanç']
shampoo,"['şampuan', 'baş yıkamak']"
shape,"['şekil', 'form']"
share,"['paylaştırmak', 'paylaşmak', 'pay']"
shark,['köpek balığı']
sharp,"['keskin', 'tam tamına', 'zeki']"
sharp shooter,['keskin nişancı']
shave,['tıraş']
sheep,"['koyun', 'koyunlar']"
sheet,"['çarşaf', 'ince tabaka']"
shelf,['raf']
shell,"['kabuk', 'bombalamak']"
shelter,['sığınmak']
shield,"['kalkan', 'kılıf']"
shift,"['değiştirme', 'vardiye']"
shine,"['parlamak', 'parlatmak']"
ship,"['gemi', 'gemiyle yollamak']"
shirt,['gömlek']
shock,"['şok', 'şok etmek']"
shoe,['ayakkabı']
shoelace,['ayakkabı bağı']
shoot,"['çekim', 'atış', 'tomurcuk']"
shoot down,"['imha etmek', 'hayır cevabı', 'olumsuz']"
shop,"['dükkan', 'alışveriş yapmak']"
shopping,['alışveriş']
shore,['kıyı']
short,"['kısa', 'aniden']"
short cut,['kestirme']
shortage,"['yokluk', 'kıtlık']"
shortly,"['az sonra', 'kısaca']"
shot,['atış']
shoulder,['omuz']
shout,['bağırmak']
show,"['göstermek', 'gösteri']"
shower,"['duş', 'duş almak', 'sağanak yağmur']"
shrink,"['çekmek', 'küçülmek']"
shut,"['kapatmak kapı', 'pencere']"
shut up,"['sus', 'kes sesini']"
shy,['utangaç']
sick,['hasta']
side,"['kenar', 'yan', 'taraflı']"
sıdeeffect,['yan etki']
sigh,['derin nefes almak']
sight,['görüş']
sign,"['işaret', 'imzalamak']"
signal,['sinyal']
signature,['imza']
significant,"['manalı', 'önemli']"
signpost,['işaret direği']
silence,"['sessizlik', 'susturmak']"
silent,"['sessiz', 'sakin']"
silk,['ipek']
silly,"['budala', 'aptal']"
silo,"['silo', 'depo']"
simplify,['basitleştirmek']
sin,['günah']
since,['şimdiye kadar']
sincere,"['içten', 'samimi', 'sahte olmayan']"
sing,['şarkı söylemek']
single,"['tek', 'bekar', 'tek kişilik']"
singular,"['acayip', 'tek', 'eşsiz']"
sink,"['batmak', 'evye']"
sir,['efendi']
siren,['siren']
sister,"['kız kardeş', 'hemşire', 'rahibe']"
sit,['oturmak']
situation,['durum']
size,['büyüklük']
skate,"['buz pateni', 'paten ayakkabısı']"
skateboard,['kay kay']
skeleton,['iskelet']
ski,"['kayak', 'kayak yapmak']"
skill,['yetenek']
skim,"['sıyırmak', 'sektirmek', 'kaymağını almak']"
skin,['deri']
skirt,['etek']
skull,['kafatası']
sky,['gökyüzü']
slang,['argo']
slave,['köle']
sleep,"['uyumak', 'uyku']"
sleepy,"['uykulu', 'sakin']"
sleeve,"['elbise kolu', 'bluz']"
sleeveless,['kolsuz elbise']
slice,"['dilim', 'dilimlemek']"
slide,"['kaydırak', 'kaydırmak']"
slight,"['önemsiz', 'küçük']"
slim,"['ince', 'zayıf']"
slip,"['yuvarlanmak', 'kayarak düşmek']"
slipper,['terlik']
slope,['eğim']
slot,"['yarık', 'yiv', 'yerleştirmek']"
slow,"['yavaş', 'yavaşlamak']"
small,"['küçük', 'ufak']"
smart,"['akıllı', 'açıkgöz', 'şık']"
smash,['çarpıp kırmak']
smell,"['koku', 'koklamak']"
smile,['gülümsemek']
smoke,"['tütün içmek', 'tütmek', 'duman']"
smooth,"['düzgün', 'yumuşak']"
smuggle,"['kaçakçılık', 'esrar']"
snack,"['küçük', 'atıştırmalık']"
snag,['prüz']
snail,['sümüklü böcek']
snake,['yılan']
sneeze,['hapşırmak']
sniff,['burnunu çekmek']
snore,['horlamak']
snow,['kar']
snub,"['küçümsemek', 'hakir görmek']"
so,"['öyleyse', 'bu yüzden']"
so far,['şimdiye kadar']
soak,['ıslatmak']
soap,['sabun']
soccer,['futbol']
social,['sosyal']
society,"['sosyete', 'çevre', 'toplum']"
sock,"['çorap', 'vurmak', 'kırmak']"
socket,"['soket', 'priz']"
sofa,"['divan', 'sofa']"
soft,['yumuşak']
soil,['toprak']
soldier,['asker']
solemn,"['ciddi', 'bayıltıcı']"
solid,"['katı', 'sert']"
solidarity,['dayanışma']
solve,['çözüm bulmak']
some,"['bazı', 'birkaç', 'yaklaşık']"
somebody,['birisi']
someone,['biri']
sometimes,['bazen']
somewhere,['bir yer']
son,"['erkek çocuk', 'oğul']"
song,['şarkı']
soon,['yakın zamanda']
sophisticated,"['incelikli', 'ukala', 'karışık']"
sore,['ağrı verici']
sorrow,['üzüntü']
sorry,['üzgün']
sort,['çeşit']
soul,['ruh']
sound,"['ses', 'mantıklı', 'toplam']"
soup,['çorba']
sour,['ekşi']
source,['kaynak']
south,['güney']
souvenir,['hatıra']
sow,['toprağa ekmek']
space,"['uzay', 'boşluk', 'yer']"
spade,"['maça sembollü iskambil kağıdı', 'kürek']"
span,"['değer aralığı', 'zaman', 'karış']"
spanner,['somun sıkma aleti']
adjustable spanner,['ingiliz anahtarı']
spare,"['ekstra', 'yedek', 'boş']"
speak,['konuşmak']
special,"['özel', 'en iyi']"
spectacular,['görülmeye değer']
spectator,['izleyici map']
speech,['konuşma']
speed,"['hız', 'hızlı gitmek']"
speedometer,['hızölçer']
spell,"['harfleri söylemek', 'büyülü sözcükler']"
spend,"['para harcamak', 'harcamak']"
spice,['baharat']
spider,['örümcek']
spill,"['dökmek', 'sıvı saçmak']"
spiral,['spiral']
spirit,"['ruh', 'ruhsal durum', 'ispirto']"
spit,['tükürmek']
spite,"['rağmen', 'birisine zarar verme isteği']"
splash,['sıçratma']
splendid,"['nefis', 'harika']"
split,['ikiye bölmek']
spoil,"['zarar vermek', 'şımartmak']"
spoon,['kaşık']
sport,['spor']
spot,"['küçük yuvarlak işaret', 'ciltteki ben', 'leke']"
spread,"['yayılmak', 'yaymak']"
spring,"['ilkbahar', 'yaylı', 'pınar']"
spy,['casus']
square,['kare']
squash,"['bir çeşit oyun', 'sıkışmak']"
squeeze,"['sıkışmak', 'sıkıştırmak', 'sıkmak']"
stabilize,"['dengeleme', 'saptama']"
stable,"['ahır', 'istikrarlı']"
stadium,['stadyum']
staff,"['eleman', 'memur']"
stage,"['evre safra', 'sahne']"
stain,['lekelemek']
stair,['merdiven']
stall,"['küçük dükkan', 'tezgah', 'vakit kazanma']"
stamp,"['pul', 'damga', 'damgalamak']"
stand,"['ayakta durmak', 'bulunmak']"
stand in,['dublörlük yapmak']
standard,['standart']
stapler,['zımba tel']
star,['yıldız']
stare,['uzun süre bakmak']
start,"['başlamak', 'başlangıç']"
state,"['devlet', 'durum']"
station,"['istasyon', 'durak']"
stationery,['kırtasiye']
statue,['heykel']
stay,['kalmak']
steady,['sabit']
steak,['bonfile']
steal,['çalmak']
steam,['buhar']
steel,"['çelik', 'büyük güç']"
steep,"['hızlı yükselme veya düşme', 'geniş açı', 'çok fazla']"
steer,"['öküz', 'yönlendirmek', 'sürmek']"
step,"['adım', 'adım atmak', 'üvey']"
step child,['üvey çocuk']
sterile,"['kısırlaştırma operasyonu', 'bakteri']"
sterilize,"['kısırlaştırma', 'mikroplardan arıtma']"
stethoscope,"['göğüs dinleme cihazı', 'steteskop']"
steward,"['erkek hostes', 'kahya çiflik']"
stick,"['sopa', 'baston']"
stiff,"['kolay bükülmeyen', 'sert']"
still,"['hareketsiz', 'sakin', 'hala']"
stir,"['karıştırmak', 'hareket ettirmek']"
stock,"['stok', 'stok yapmak', 'hisse senedi']"
stock certificate,['hisse senedi']
stocking,['kadın çorabı']
stomach,['mide']
stone,"['taş', 'meyve çekirdeği']"
stool,['tabure']
stop,"['durmak', 'durak', 'engel']"
store,"['dükkan', 'depolamak']"
storm,['firtina']
story,"['öykü', 'hikaye']"
stove,['soba']
straight,"['düzgün', 'en kısa yoldan']"
strain,"['gerginlik', 'zorlanmak', 'germe']"
strainer,['süzgeç']
strange,"['garip', 'tuhaf']"
strap,"['tutacak', 'aski elbise', 'ayakkabi']"
straw,"['saman', 'kamış bardak için', 'hasır']"
strawberry,['çilek']
stream,['ırmak']
street,['cadde']
strength,"['güç', 'kuvvet']"
stress,"['betimlemek', 'stres']"
stretch,"['germek', 'bir kerede']"
stretcher,['sedye']
strict,['katı kurallar']
strike,"['grev yapmak', 'grev', 'vurmak']"
string,"['ip', 'tel']"
strip,"['soymak', 'soyunmak']"
stripe,"['şerit', 'çizgi']"
stroke,"['çarpış', 'felç', 'okşamak']"
strong,['güçlü']
structure,['yapi']
struggle,"['kavga etmek', 'çaba']"
student,['öğrenci']
studio,['sütüdyo']
study,"['çalışmak', 'okumak', 'incelemek']"
stuff,"['cisim', 'şey', 'tıkıştırmak']"
stupid,['aptal']
stutter,"['kekelemek', 'kekeme']"
style,['sitil']
subject,"['konu', 'özne']"
submarine,['denizaltı']
submit,"['boyun eğme', 'sunmak', 'teslim etmek']"
subscribe,"['abonelik', 'sürekli para yardimi']"
subsidize,['yardım etme']
subsidy,"['yardım', 'devlet yardımı']"
substance,"['madde', 'cevher']"
substitute,"['vekil tayin etme', 'yerine geçme']"
subtract,['çıkarma işlemi']
suburb,['banliyö']
subway,"['alt geçit', 'alt yol']"
succeed,"['başarmak', 'yerini almak']"
success,['başarı']
succession,"['ardarda', 'devamlı']"
such,"['bunun gibi', 'bu kadar']"
suck,['emmek']
sudden,['ani']
suffer,['acı çekmek']
sufficient,['yeterince']
sugar,['şeker']
suggest,['önermek']
suggestion,['öneri']
suicide,['intihar']
suit,"['yakışmak', 'uygun gelmek', 'takım elbise']"
suitcase,['bavul']
sum,['toplam']
summary,['özet']
summer,['yaz']
summit,['zirve']
sun,['güneş']
sunday,['pazar günü ']
sunset,['güneşin batışı']
sunshine,['güneş ışığı']
suntan,['bronz cilt rengi']
super,['süper']
superb,"['harika', 'çok güzel']"
superior,"['daha iyi', 'önemli', 'akıllı']"
superstition,['batıl inanç']
supervise,"['denetleme', 'gözlem']"
supper,['günün son yemeği']
supplies,"['erzak', 'mal']"
supply,"['sağlamak', 'miktar']"
support,"['yardım', 'destek', 'desteklemek']"
suppose,['sanmak']
suppress,"['baskılama', 'sindirme', 'yayınlanmasını önleme']"
supreme,"['yüce', 'üstün']"
sure,"['emin', 'kesin']"
surface,['yüzey']
surgeon,['cerrah']
surgery,['ameliyat']
surname,['soyadı']
surprise,"['şaşırtmak', 'sürpriz']"
surrender,['teslim olmak']
surround,['çevrelemek']
suspect,['şüphelenmek']
suspend,"['askıya almak', 'durdurmak']"
suspension,['asma']
suspicion,['şüphe']
swallow,"['yutmak', 'kırlangıç']"
swan,['kuğu']
swear,"['yemin etmek', 'küfretmek']"
sweat,"['ter', 'terlemek']"
sweater,['süveter']
sweep,['süpürmek']
sweet,['tatlı']
swell,"['şişmek', 'kalınlaşmak']"
swim,['yüzmek']
swing,"['sallanmak', 'güçlü ritim']"
switch,['açma kapama düğmesi']
swollen,['şişmiş']
sword,['kılıç']
symbol,['sembol']
syrup,['şurup']
system,['sistem']
t raffic,['trafik']
table,"['masa', 'tablo', 'liste']"
tablet,['tablet']
taboo,"['ayıp', 'argo', 'tabu']"
tail,"['kuyruk kedi', 'uçak']"
tailor,['terzi']
take,"['tutmak', 'almak', 'uçağın kalkması']"
talent,"['kabiliyet üstün', 'seksi kadın']"
talk,"['konuşma', 'konuşmak']"
talkative,['konuşkan']
tall,['uzun']
tame,"['evcil', 'evcilleştirmek']"
tan,['ten rengi']
tangerine,['mandalina']
tank,['tank']
tap,"['musluk', 'tıklatmak']"
tape,['bant']
tapemeasure,['mezura']
target,['hedef']
tariff,"['tarife', 'fiyat listesi']"
tart,"['pasta', 'asit tadı', 'sokak kadını']"
task,['görev']
taste,"['tatmak', 'tat']"
tax,['vergi']
taxi,['taksi']
tea,['çay']
teach,['öğretmek']
teacher,['öğretmen']
team,"['takım', 'grup']"
tear,"['gözyaşı', 'yırtık', 'koparmak']"
tease,"['kızdırma', 'yüz verip sonra sırt çevirme']"
technique,['teknik']
teenager,['13-19 yaş arası']
telegram,['telgraf']
telephone,['telefon']
telescope,['teleskop']
television,['televizyon']
tell,"['anlatmak', 'söylemek']"
temper,"['ruhsal durum', 'kızgın']"
temperature,['sıcaklık']
temple,['tapınak']
temporary,['geçici']
tempt,"['cezbetmek', 'şeytana uydurmak']"
tenant,['kiracı']
tend,['meyilli olmak']
tender,"['yumuşak', 'teklif', 'hassas']"
tent,"['tente', 'çadır']"
term,"['zaman dilimi', 'sözcükler', 'sömestr']"
terminal,['terminal']
terrace,['bitişik evler']
terrible,"['korkunç', 'kötü']"
terrific,"['kocaman', 'çok güzel']"
terrify,['korkutmak']
territory,['toprak parçası']
terror,"['büyük korku', 'terör']"
test,"['sınamak', 'denemek', 'test']"
than,['den dan eki']
thank,['teşekkür etmek']
that,['o']
theatre,['tiyatro']
their,['onların']
them,['onları']
theme,"['tema', 'konu']"
then,"['öyleyse', 'o zamanda', 'daha sonra']"
theory,['teori']
there,"['orada', 'var olmak']"
therefore,['dolayısıyla']
thermometer,['termometre']
these,['bunlar']
they,['onlar']
thick,"['kalın', 'sık']"
thief,['hırsız']
thin,['ince']
thing,['şey']
think,['düşünmek']
third,['üçüncü']
thirsty,"['susamışlık', 'susatan']"
thirteenth,['onüçüncü']
thirtieth,['otuzuncu']
this,['bu']
thorough,"['tümüyle', 'dikkatli']"
thoroughly,"['tamamıyla', 'bütün ince detaylarıyla']"
those,['onlar']
though,['nedense']
thought,['düşünce']
thoughtful,"['düşünceli', 'diğerlerini düşünen']"
thoughtless,['düşüncesiz']
thread,"['ip', 'ipi iğneye takmak']"
threat,['tehtid']
threaten,['tehdit etmek']
throat,"['gırtlak', 'yemek borusu']"
through,"['içinden', 'baştan sona']"
throw,['fırlatmak']
thumb,"['el', 'baş parmağı']"
thunder,['gök gürültüsü']
thunderstorm,['fırtına']
thursday,['perşembe']
thus,"['böyle', 'böylece']"
tick,"['saat sesi', 'okey işareti']"
ticket,['bilet']
tide,['gelgit olayı']
tidy,"['düzenli', 'derli toplu']"
tie,"['bağ', 'bağlamak', 'berabere']"
tiger,['kaplan']
tight,"['sıkı', 'kolay açılmaz']"
till,"['kadar', 'yazar kasa']"
time,"['zaman', 'kere', 'zamanlamak']"
tin,"['teneke', 'konserve']"
tiny,['çok küçük']
tip,"['bahşiş', 'öneri', 'uç kısım']"
tire,['yormak']
tired,['yorgun']
tissue,['kağıt mendil']
title,"['başlık', 'unvan']"
toast,"['tost', 'tost yapmak', 'kadeh kaldırmak']"
tobacco,['tütün']
today,['bugün']
toe,['ayak baş parmağı']
together,['birlikte']
toilet,['tuvalet']
token,"['işaret', 'jeton']"
tomato,['domates']
tomorrow,['yarın']
ton,['ton ağırlık']
tone,"['ses tonu', 'ışık ']"
tongue,['dil']
tonight,['bu gece']
too,"['çok', '...de ...da eki']"
tool,['alet']
tooth,['diş']
tooth pick,['kürdan']
top,"['en iyi', 'üst', 'kapak']"
topic,['konu']
torch,"['meşale', 'el feneri']"
torpedo,['torpil']
tortoise,['kaplumbağa']
torture,"['işkence', 'işkence etmek']"
total,['toplam']
totally,['bütünüyle']
touch,['dokunmak']
tough,"['zor', 'güç', 'sert']"
tour,['tur']
tournament,['turnuva']
towards,['varmadan evvel']
towel,['havlu']
tower,['kule']
town,['kasaba']
toy,['oyuncak']
trace,"['iz', 'iz sürmek']"
track,"['iz sürmek', 'takip etmek']"
trade,"['ticaret', 'iş']"
tradition,['gelenek']
tragedy,['trajedi']
train,"['eğitmek', 'staj yapmak', 'tren']"
training,"['eğitim', 'öğretim']"
transfer,['transfer']
transform,['şekillendirmek']
translate,"['çeviri', 'tercüme']"
transparent,['saydam']
transport,['taşımacılık']
trap,"['tuzak', 'kapan', 'yakalamak']"
travel,['yolculuk']
tray,['tepsi']
treasure,['hazine']
treat,"['davranmak', 'tedavi etmek', 'ikram']"
treatment,"['davranış', 'tedavi']"
tree,['ağaç']
tremendous,"['çok büyük', 'harika']"
trial,"['deneme', 'teşebbüs', 'duruşma']"
trialbalance,['mizan']
tribe,['kabile']
trick,"['hile', 'hile yapmak', 'oyun kağıt oyunları']"
trigger,['tetik']
trip,"['gezi', 'çelme takmak']"
tripod,['tripod']
triumph,"['zafer', 'utku']"
troop,"['insan veya hayva grubu', 'sürü']"
troops,['askerler']
trouble,"['dert', 'dert etmek']"
trousers,['pantolon']
truck,['kamyon']
true,"['doğru', 'gerçek']"
trunk,"['ağaç gövdesi', 'sandık', 'fil hortumu']"
trust,['güvenmek']
truth,['gerçek']
try,"['denemek', 'deneme']"
tu rban,['türban']
turnkey,['anahtar teslim proje']
tube,['tüp']
tuesday,['salı']
tuition,"['öğretim', 'özel ders']"
tulip,"['lale', 'lale fidanı']"
tummy,['mide']
tune,"['akord etmek', 'ayarlamak', 'ezgi']"
tunnel,['tünel']
turkey,['hindi']
turn,"['dönmek', 'dönüş']"
ıt's your turn,['sıra sende']
turnover,['ciro']
twice,['iki kez']
twist,"['kuvvetlice çevirmek', 'kıvırmak', 'burkulmak']"
type,"['çeşit', 'tip', 'daktiloyla yazmak']"
typical,['tipik']
typist,['daktiloda yazı yazan kimse']
tyre,['lastik']
ufo,['tanımlanamayan uçan cisim']
ugly,['çirkin']
umbrella,['şemsiye']
unable,['muktedir olmamak']
uncle,"['dayı', 'amca']"
unconscious,['bilinçsizlik']
under,"['altta', 'alta']"
underclothes,['iç çamaşırı']
undergo,"['katlanmak', 'çekmek', 'bir olayın olması']"
underline,['yazının altını çizmek']
understand,['anlamak']
unemployme nt,['işsizlik']
unfair,['adil olmayan']
unfavourable,['hoşa gitmeyen']
unhappy,['mutsuz']
unhealthy,['sağlıksız']
uniform,"['üniforma', 'tek tip']"
union,"['sendika', 'birleşme']"
unit,"['birim', '1-9 arasındaki sayılar']"
unite,['birleşmek']
university,['üniversite']
unknown,['bilinmeyen']
unless,['olmadıkça']
unlikely,['az ihtimalle']
unload,['boşaltmak']
unlock,['kilidi açmak']
until,['belli bir zamana kadar']
up,"['yukarı', 'dikine', 'tümüyle']"
up to you,['nasıl istersen']
upon,['üstünde']
upper,['üst']
upset,"['endişelendirmek', 'devirmek']"
upsidedown,"['tepe taklak', 'ters dönmek']"
upstairs,"['üst kat', 'yukarısı']"
up-to-date,['bugüne kadar']
upward,['yukarıya doğru']
urban,"['şehirsel', 'kente ait']"
urge,"['dürtme', 'zorla yaptırma']"
urgent,['acil']
us,['bize']
use,"['kullanım', 'fonksiyon']"
useful,['kullanışlı']
usual,['olağan']
v.i.p.,['çok önemli kişi']
vacant,"['boş', 'açık', 'sahipsiz']"
vacation,['tatil']
vacuum cleaner,['elektrik süpürgesi']
vain,"['gereksiz', 'boşuna']"
valley,['vadi']
valuable,['değerli']
value,['değer']
van,['minibüs']
vanilla,['vanilya']
vaporize,['buharlaşmak']
variety,"['fark', 'çeşitlilik', 'çeşit']"
various,"['değişik', 'çeşitli']"
vase,['vazo']
vegetable,['sebze']
vehicle,"['yük taşıyan araç', 'tır', 'araba ']"
veil,['duvak']
vein,['damar']
velvet,['kadife']
venture,"['macera', 'risk']"
verb,['fiil']
verdict,['hüküm']
vertical,['dikey']
very,"['çok', 'tam']"
vest,"['atlet', 'fanila']"
vet,['veteriner']
veto,"['veto', 'veto etmek']"
via,"['geçerek', 'oradan']"
viable,['geçerli']
vice,"['yardımcı', 'liderin yardımcısı', 'mengene']"
vicious circle,['kısır döngü']
victim,"['kurban', 'kazazede']"
victimize,['kurban etmek']
victor,['galip']
victory,"['utku', 'zafer', 'yengi']"
view,"['görünüm', 'manzara']"
villa,['villa']
village,['köy']
vine,['bağ']
vinegar,['sirke']
violent,"['kaba kuvvet', 'şiddet']"
violin,['keman']
visa,['vize']
visible,['görünen']
vision,"['görüş', 'imge']"
visit,['ziyaret etmek']
visitor,"['ziyaretçi', 'konuk']"
vital,['çok önemli']
vocabulary,['kelime dağarcığı']
voice,['ses']
volcano,"['volkan', 'yanardağ']"
volleyball,['voleybol']
volume,['hacim']
voluntary,['gönüllü']
vomit,['kusmak']
vote,"['oy vermek', 'oy']"
vowel,['ünlü harf']
voyage,['deniz yolculuğu']
vulgar,"['kaba', 'ilkel']"
vulnerable,"['zayıf', 'korumasız']"
vulture,"['akbaba', 'haris kimse']"
wage,['saat ücreti']
wager,['iddiaya girmek']
wagon,"['yük vagonu', 'at arabası']"
waist,['bel']
waistcoat,['yelek']
wait,['beklemek']
waiter,['garson']
wake,"['uyanmak', 'uyandırmak']"
walk,"['yürümek', 'yürüyüş']"
wall,['duvar']
wallet,['cüzdan']
walnut,['ceviz']
wander,['dolaşmak']
want,"['istemek', 'istek']"
war,['savaş']
warder,"['bekçi', 'muhafız', 'gardiyan']"
wardrobe,"['gardrop', 'büyük dolap']"
ware,['eşya']
warehouse,['depo']
warm,"['ılık', 'ılındırmak', 'sevecen']"
warn,['uyarmak']
warrant,['garanti']
wash,"['yıkamak', 'kirli çamaşır']"
wasp,['sarı arı']
waste,"['artık', 'gereksinim duyulmayan', 'boşa harcamak']"
watch,"['seyretmek', 'kol saati']"
water,"['su', 'sulamak']"
water- colours,['sulu boya']
water proof,['su geçirmeyen']
waterfall,['şelale']
wave,"['dalga deniz', 'dalgalanma', 'el sallamak']"
way,"['yol', 'rota', 'yön']"
we,['biz']
weak,"['zayıf', 'erksiz']"
wealth,['servet']
weapon,['silah']
wear,['giymek']
weather,"['hava', 'iklim']"
wednesday,['çarşamba']
week,['hafta']
weigh,"['ağarlık', 'tartmak']"
welcome,"['ağırlamak', 'hoş geldin']"
well,"['iyi', 'kuyu']"
well-known,"['ünlü', 'bilinen']"
west,['batı']
wet,['nemli']
whale,['balina']
what,['ne']
what if,['ne olurdu']
whatever,['herneyse']
what's its,['bilmem kim']
what's more,"['bunun yanısıra', 'üstelik']"
what's what,['işin önemini bilmek']
wheel,"['tekerlek', 'çark', 'tekerlekli bir şeyi itmek']"
when,['ne zaman']
whenever,"['herhangi bir zaman', 'ne zaman ki ...']"
where,"['nereye', 'nerede']"
while,['bu arada']
whim,['kapris']
whip,['kırbaç']
whisper,"['fısıldamak', 'fısıldaşmak']"
whistle,"['ıslık', 'ıslık çalmak', 'düdük']"
white,"['beyaz', 'ak', 'beyaz tenli']"
who,['kim']
whoever,['herkimse']
whole,"['tüm', 'bütün']"
wholesales,['toptan satış']
whose,['kimin']
why,"['neden', 'niçin']"
wide,"['geniş', 'kenardan kenara']"
widow,['dul']
wife,['karı']
wig,['peruk']
wild,['vahşi']
will,"['irade', 'istek', 'gelecek zaman eki']"
win,['kazanmak']
wind,"['sarmak', 'kurmak saat ']"
wind screen,['araba ön camı']
window,['pencere']
windpipe,['nefes borusu']
windscreen wiper,['silecek']
wine,['şarap']
wing,['kanat kuş']
winter,['kış']
wipe,"['silmek', 'kurulamak havluyla ']"
wire,"['tel', 'telgraf']"
wireless,['telsiz']
wisdom,['akıl']
wise,"['zeki', 'akıllı']"
wish,"['istek', 'istemek']"
witch,['cadı']
with,['ile']
withdraw,"['çekmek', 'geri çekilmek', 'sızmak']"
within,['içinde']
without,"['sahip olmayarak', 'yanında olmadan']"
witness,"['tanık', 'tanıklık etmek']"
wolf,['kurt']
woman,['kadın']
wonder,"['merak etmek', 'şaşırmak']"
wonderful,"['şaşırtıcı', 'harika']"
wood,['odun']
wool,['yün']
word,"['sözcük', 'kelime']"
work,"['çalışmak', 'iş']"
worker,['işçi']
world,['dünya']
worm,['solucan']
worry,['endişelenmek']
worse,['daha kötü']
worship,"['tapmak', 'hayranlık', 'saygı']"
worst,['en kötü']
worth,"['değerinde olmak', 'değerde']"
wound,"['yaralamak', 'yara']"
wrap,"['paketlemek', 'sarmak']"
wreck,"['enkaz', 'kaza', 'mahvetmek']"
wrist,['bilek']
write,['yazmak']
wrong,['yanlış']
x-ray,"['röntgen ışını', 'x ışını']"
yacht,['yat deniz taşıtı ']
yard,['avlu']
year,['yıl']
yellow,['sarı']
yes,['evet']
yesterday,['dün']
yet,"['hala', 'şimdiye kadar', 'henüz']"
yield,"['ürün vermek', 'dışarı vermek', 'teslim olmak']"
yoghurt,['yoğurt']
yolk,['yumurtanın sarısı']
young,['genç']
your,"['senin', 'sizin']"
youth,['gençlik']
zero,['sıfır']
zip,['fermuar']
zone,['bölge']
zoom,['yaklaştırmak']
