ingilizce,okunuş
abandon,ebandın
ability,ebılıti
able,eybıl
aboard,ebord
abolish,ebolış
abolition,ebolışın
about,ebaut
above,ebav
abroad,ebrod
absence,ebsıns
absent,ebsınt
absolute,ebsolut
absorb,ıbsorb
absurd,ebzörd
abuse,ebyus
academic,ekıdemik
accede,aksiid
accelerator,ekselıreytır
accent,eksınt
accept,eksept
access,ekses
accessible,eksesıbıl
accident,eksidınt
accommodate,ekomodeyt
accommodation,ekomıdeyşın
accompany,ekampıni
according to,ekording tu
account,ekaunt
accounting,ekaunting
accumulate,ekyumyuleyt
"accurate, faultless",ekürıt
accused,ekyuzıd
accustom,ekastım
accustomed,ekastımd
ache,eyk
achieve,epiv
achievement,epivmınt
acid,esid
acknowledge,eknolıp
acquaint,ekueynt
acquire,ikvaır
acquisition,ekvızışın
across,ekros
act,ekt
active,ektiv
actor,ektır
actress,ektrıs
actual,ekçuıl
add,ed
addict,edikt
address,edres
administration,edminıstreyşın
admiral,edmirıl
admire,edmayr
admission,edmişın
admit,edmit
adopt,edopt
adult,edalt
advance,edvens
advanced,edvensd
advantage,edventıc
adventure,edvençur
adverse,edvörs
advertise,edvırtayz
advice,edvays
advise,edvayz
aerial,eriyıl
aeroplane,eıropleyn
affair,effeyır
affect,efekt
afford,eford
afraid,efreid
after,aftır
afternoon,aftırnuun
afterwards,aftırvördz
again,egein
against,egeinst
age,eyc
aged,eycd
agency,eycınsi
agent,eycınt
aggressive,egresiv
ago,ego
agree,egrii
agreement,egriimınt
agriculture,egrikalçır
ahead,ehed
aid,eyd
aim,eym
air,eyr
airport,eyirport
alarm,alarm
album,elbım
alcohol,elkıhol
algebra,alcebra
alike,elaık
alive,elaıv
all,ol
all right,ol rayt
alliance,elayıns
alligator,aligeytır
allocate,elıkeyt
allocations,elıkeyşın
allow,elov
allowance,elauıns
ally,elay
almost,olmost
alone,elon
along,elong
aloud,elaud
alphabet,elfıbit
already,olredi
also,olso
alter,oltır
alternative,oltörnıtiv
although,oldo
altogether,oltugedır
always,olveys
amateur,emıtör
amaze,emeyz
ambassador,embesedır
ambition,embişın
ambulance,embyulıns
ambush,embuş
amend,emend
among,emong
amount,emaunt
ample,empıl
amuse,emüuz
anchor,enkır
and,end
angel,eyncıl
anger,engır
angle,engıl
angry,engri
animal,enimıl
ankle,enkl
anniversary,enivörsıri
announce,enauns
annoy,enoy
annual,enyuıl
another,enadır
answer,ensır
ant,ent
anti,anti
anticipate,entisipeyt
antique,entik
anxiety,enzayıti
anxious,enkşıs
anxiously,enkşıslıy
any,eni
anybody,enibadi
anyone,enivan
anything,enyting
anyway,enivey
anywhere,eniveır
apart,epart
apart from,epart from
apartment,epartmınt
ape,eyp
apologize,epolocayz
apparent,eperınt
apparently,eparıntliy
appeal,epiıl
appear,eppiır
appearance,eppiırıns
appertain,epıtein
appetite,epıtayt
applicant,eplikınt
application,eplikeyşın
apply,eplay
appoint,eppoint
appointment,eppointmınt
appreciate,eprişieyt
approach,eproç
approve,epruv
approximate,eproksimıt
apricot,eprikot
april,eyprıl
archbishop,arçbişıp
architect,arkitekt
architecture,arkitekçır
area,eriya
argue,argüu
argument,argümınt
arise,erayz
aristocrat,eristokrat
arm,arm
armchair,armçeir
armour,armır
army,armi
around,eraund
arrange,ereync
arrest,erest
arrival,erayvıl
arrive,erayv
arrow,erov
art,art
article,artikl
article of association,artıkıl ıv ısosieyşın
artificial,artifişıl
artist,artist
as,ez
ash,eş
ashamed,eşeymd
aside,esayd
ask,esk
asleep,esliip
aspect,espekt
ass,es
assembly,esembli
asset,eset
assist,esist
assistant,esistınt
associate,esoşieyt
association,esuşeytın
assume,esuym
assurance,eşu rıns
assure,eşuır
assured,eşurıd
astonish,estoniş
at,et
atmosphere,etmosfiır
attach,eteç
attachment,etapmınt
attack,etek
attempt,etempt
attend,etend
attendant,ıtendınt
attention,etenşın
attitude,etitüud
attractive,etrektiv
auction,okşın
audience,odyıns
augment,ogment
augmentation,ogmentetişın
august,ogust
aunt,aant
author,othır
authority,othoriti
autumn,otumn
available,eveylıbl
avenue,evenyu
average,evirıç
avoid,evoid
awake,eveyk
award,ivood
aware,eveyr
away,evey
awful,oful
awkward,okvırd
axe,eks
baby,beybi
babysitter,beybisitır
bachelor,bepılır
back,bek
backbone,bekbon
background,bekraund
backward,bekvörd
bad,bed
badly,bedli
bag,beg
baggage,begıc
bake,beyk
baker,beykır
balance,belıns
balcony,belkıni
bald,bold
bale,beyl
ball,bol
ballerina,belıriinı
ballet,baley
balloon,baluun
ban,ben
banal,bınaal
banana,bınana
band,bend
bandage,bendıp
baneful,beynful
banish,beniş
bank,benk
banker,benkır
banknote,benknot
bankrupt,benkrapt
bar,bar
barbarous,barbırıs
barber,baabır
bare,beyr
bargain,bargın
barrel,berıl
base,beys
basement,beysmınt
basin,beysın
basket,baskıt
bastardize,bestırdayz
bath,bath
bathe,beth
battery,betıri
battle,betl
bawl,bavıl
bay,bey
beach,biiç
bean,biin
bear,beır
beard,bıed
beast,biist
beat,biit
beautiful,büutiful
beauty,büuti
because,bikoz
become,bıkam
bed,bed
bee,bii
beef,biif
beer,biır
beetle,biitl
before,bifor
beforehand,biforhend
beg,beg
begin,begin
behave,biheyv
behind,bihaynd
being,biing
believe,biliiv
bell,bel
belong,bilong
below,bilov
belt,belt
bench,benç
bend,bend
beneath,binith
benefit,benifit
berry,beri
beside,bisayd
besides,bisaydz
best,best
bet,bet
better,better
between,bitviin
beyond,biyand
bias,bays
bicycle,baysikl
big,big
bike,bayk
bill,bil
bin,bin
bind,baynd
bird,börd
birth,börth
birthday,börthdey
biscuit,biskit
bishop,bişıp
bit,bit
bite,bayt
black,blek
bladder,bledır
blade,bleyd
blame,bleym
blank,blenk
blanket,blenkıt
blast,blast
bless,bles
blind,blaynd
blister,blistır
block,blok
blockade,blokeyd
blood,blad
bloom,bluum
blouse,blauz
blow,blou
blue,blu
bluff,blaf
board,boord
boast,boust
boat,bout
body,badi
bodyguard,badigard
boil,boil
boiler,boylır
bold,bould
bolt,bolt
bomb,bomb
bone,boun
bonfire,bonfayır
bonnet,bonıt
bony,boni
book,buk
booklet,buklıt
boom,buum
boot,buut
border,bordır
bore,bor
bored,bord
boring,boring
born,born
borrow,borou
boss,bos
both,bouth
bother,bodır
bottle,botl
bottom,botım
bounce,bauns
bound,baund
boundary,baundri
bow,bou
bowl,boul
box,boks
boy,boy
bra,bra
brain,breyn
brake,breyk
branch,branp
brand,brend
brand-new,brend niyu
brass,bras
brave,breyv
bread,bred
break,breyk
break down,brek davn
breakfast,brekfıst
break-out,brek aut
breast,brest
breath,breth
breathe,brith
bribe,brayb
brick,brik
bride,brayd
bridge,bric
brief,briif
briefcase,brifkeys
bright,brayt
brilliant,brilyınt
bring,bring
broad,brood
broadcast,broodkast
brochure,brıuşır
broken,brıukın
broker,brıukır
brooch,broş
broom,bruum
brother,bradır
brother-inlaw,bradır in lo
brow,brau
brown,braun
brush,braş
bucket,bakıt
budget,bacıt
build,bild
building,bilding
bulb,balb
bull,bul
bullet,bulıt
bump,bamp
bumper,bampir
bumpy,bampi
bunch,banç
bungalow,banglou
bureau,büuro
bureaucracy,bürakresi
burglar,börglır
burn,börn
burst,börst
bury,böri
bus,bas
bush,buş
business,biznıs
busy,bizi
but,bat
butcher,butçır
butter,batır
button,batn
buy,bay
by,bay
by the way,bay dı vey
cab,keb
cabbage,kebic
cabin,kebin
cabinet,kebınıt
cable,keybl
cage,keyc
cake,keyk
calculate,kalkuleyt
calendar,kelindir
calf,kaıf
call,kol
calm,kaam
camel,keml
camera,kemira
camouflage,kamuflaaj
camp,kemp
campaign,kempein
campus,kempis
can,ken
canal,knal
canary,kıneri
cancel,kensil
cancellation,kensıleyşın
cancer,kensir
candidate,kendidit
candle,kendl
cannon,kenın
canteen,kantiin
capable,keypıbıl
capacity,kpasiti
capital,kepitl
captain,keptin
capture,kepçır
car,kaar
caravan,karavan
carbon-paper,karbın peypır
card,kaad
cardigan,kardigin
care,keyr
career,kariir
carefree,keyfri
careful,keyrfıl
careless,keyrlıs
cargo,kargo
carnival,karnivil
carpenter,karpintir
carpet,kaarpit
carriage,keriic
carrier,keriyır
carrot,kerıt
carry,keri
carryover,keriovır
cartridge,kartrıp
case,keys
cash,keş
cash-register,keş-recıstır
castle,kesl
casual,keşuıl
cat,ket
catch,keç
caterpillar,ketırpilır
cattle,ketl
cauliflower,koliflavır
cause,koz
caution,koşın
cave,keyv
cease,siis
cease-fire,siis-fayır
ceiling,silign
celebration,selibreyşın
cell,sel
cellar,selır
cement,sıment
central,sentrıl
centre,sentır
century,sençri
cereal,siyriyıl
ceremony,serımıni
certain,sörtın
certainly,sörtınli
certificate,sertıfıkeyt
chain,çeyn
chair,çeır
chairman,çeırmen
chalk,çolk
challenge,çalınc
chamber,çembır
champagne,şempeyn
champion,çempiın
championship,çempiınşip
chance,çens
change,çeync
channel,çenıl
chapter,çeptır
character,kerıktır
charge,çarc
charity,çerıti
charlatan,carlıtın
charm,çarm
charming,çarming
chart,çart
charter,çartır
chase,çeys
chat,çet
chatter,çetır
cheap,çiip
cheat,çiit
check,çek
cheek,çiik
cheeky,çiki
cheer,çiır
cheerful,çiirful
cheese,çiiz
chef,şef
chemical,kemıkl
cheque,çek
cherry,çeri
chess,çes
chest,çest
chest of drawers,çest of drevır
chestnut,çesnat
chewing-gum,çuving gam
chicken,çikın
chief,çif
child,çayld
childhood,çayldhuud
chilli,ciliy
chilly,çiliy
chimney,çimni
chin,çin
china,çaynı
chip,çip
chocolate,çaklıt
choice,çoyıs
choke,çhok
choose,çuz
chop,cop
christian,krisçın
chuckle,çakıl
church,çörç
cigar,sigaar
cigarette,sigıret
cinema,sinıma
circle,sörkl
circuit,sörkıt
circular,sörkulır
circumstances,sörkımstensı s
circus,sörkıs
citizen,sitizn
city,siti
civic,sivik
civil,sivl
claim,kleym
claimant,klemınt
clap,klep
clasp,klasp
class,klas
classic,klesik
clay,kıley
clean,kliin
clear,kliır
clerk,klark
clever,klevır
client,klaynt
climate,klaymıt
climb,klaymb
clinic,klınik
clip,klip
cloakroom,kloukrum
clock,klok
close,klous
cloth,kloth
clothes,klouthz
cloud,klaud
clown,klaun
club,klab
clue,klu
clutch,klap
co,ko
coach,kouç
coal,kol
coast,kost
coat,kout
cobweb,kobveb
cock,kak
cocoa,koko
coconut,kokonat
code,kod
coffee,kafi
coffin,kofin
coin,koin
cold,kould
collapse,kıleps
collar,kolır
colleague,koliig
collect,kolekt
collective agreement,kollektiv egrimınt
colonel,körlnıl
colour,kalır
column,kolım
coma,komı
comb,kom
come,kam
come across,kam ekros
comet,kamit
comfort,kanfırt
comfortable,kanfırtıbıl
command,komand
commemorate,kımemoreyt
commence,kımens
commercial,kımörşıl
commission,kamişın
commit,kımit
commitment,komitmınt
common,kamın
communicate,kımyunikey t
community,komüniti
commute,kımyut
company,kampany
comparatively,kımpırativli
compare,kımpeyr
compass,kampıs
compensate,kompınseyt
compensation,kompınsey şın
compete,kımpiit
competition,kompitişn
complain,kımpleyn
complete,kımpliit
complicated,komplıkeyt ıd
compliment,komplimınt
component,kımponınt
compose,kımpoz
composition,kompızişın
compound,kompaund
compromise,komprımay z
computer,kompitür
concentrate,konsıntreyt
concept,konsept
concern,konsöön
concert,kansıt
conclude,konkluud
conclusion,kınkıluşın
condemn,kındem
condition,kındişın
conduct,kondakt
cone,kon
conference,konfırıns
confess,kınfes
confidence,konfidıns
confine,kınfayn
conflict,konflıkt
confuse,kınfüuz
congratulate,kongraçuleyt
connect,konekt
conquer,konkuır
conscience,konşıns
conscious,konşıs
consent,kınsent
consequently,konsikvıntl y
consider,konsidır
consideratio n,konsidıreyşı n
consign,kınsayn
consist,kınsist
consistent,kansıstınt
constitute,konstituut
constitution,konstituşın
construct,kınstrak
consul,konsl
consult,kınsalt
consultation,konslteyşın
consume,kınsyuum
consumption,kınsomşın
contact,kontekt
contain,konteyn
container,konteynır
content,kontent
contents,kontents
contest,kontest
continent,kontınınt
continuous,kontinuıs
contract,kontrekt
contrary,kontrıri
contrast,kıntrast
contribute,kıntrıbiyut
control,kontroul
convenience,konvinyıns
convenient,konvinyınt
conversation,konverseyşı n
convict,konvıkt
convince,kınvins
cook,kuuk
cool,kuul
co-operate,koopereyt
cop,kap
cope,kop
copper,kapır
copy,kopi
cordon,kordın
cork,kook
corn,korn
corner,kornır
corpse,korps
correct,korekt
correspondent,korıspondı nt
corridor,koridoor
corruption,kırapşın
cosmetic,kozmetik
cost,kost
costly,kostli
costume,kostiyum
cottage,kotıc
cotton,kotn
cough,kof
council,kaunsl
count,kaunt
country,kantri
coupe,kupe
couple,kapıl
coupon,kuupon
courage,karıc
course,kors
court,kort
cousin,kazn
cover,kavır
cow,kau
coward,kauırd
crack,krek
cracker,krekır
cramp,kremp
crane,kreyn
crash,kreş
crazy,kreyzi
cream,kriim
creation,krieyşın
creature,kriiçır
credit,kredit
crime,kraym
criminal,kriminl
crisis,kraysız
crisp,krisp
critical,kritikıl
criticize,kritisayz
crocodile,krokıdayl
crop,krop
cross,kros
crossing,krosing
crossroads,krosroudz
crossword,krosvörd
crow,kro
crowd,kraud
crown,kraun
crucial,kuruşıl
crude,crud
cruel,kruıl
cruise,kruuz
crush,kraş
cry,kray
cu ltivate,kaltıveyt
cu rse,körs
cu rtain,körtn
cube,küub
cucumber,küukambır
culture,kalçır
cup,kap
cure,küur
curiosity,küriositi
curious,küriyıs
curl,körl
current,karınt
curry,köri
curve,körv
cushion,kuşın
custom,kastım
customer,kastımır
customs,kastımz
cut,kat
cycle,saykl
cylinder,siylındır
dad,ded
daily,deyli
daisy,deyzi
dam,dem
damage,demıp
damp,demp
dance,dens
danger,deyncır
dangerous,deyncrıs
dare,deyr
dark,dark
darling,daling
dash,deş
date,deyt
daughter,dotır
day,dey
dead,ded
deadline,dedlayn
deadlock,dedlok
deaf,def
deal,diıl
dear,diır
death,deth
debatable,dibeytıbıl
debate,dibeyt
debt,det
decay,dikey
deceive,dısiiv
december,dısembır
decent,disınt
decide,disayd
decision,dısijn
declare,dikleır
decline,diklayn
decorate,dekıreyt
decrease,dikriis
deed,diid
deep,diip
deer,diır
default,difolt
defeat,dıfiit
defence,difens
defend,difend
defer,diför
deficit,defisit
definite,defınit
definition,defineyşın
degree,dıgrii
delay,dıley
deliberately,dilibirıtli
delicate,delikıt
delicious,dılişıs
delight,dılayt
delightful,dılaytful
deliver,delivır
demand,dimend
demolish,dımoliş
demonstrate,demonstreyt
demonstration,demonstreyş ın
demoralize,dimorılayz
dentist,dentist
deny,dınay
depart,dıpart
department,dıpartmınt
depend,dıpend
dependent,dıpendınt
deposit,dıpozıt
depress,dıpres
depth,depth
deputation,deputeyşın
deputy,depyuti
describe,dıskrayb
desert,dezırt
deserve,dızörv
design,dızayn
desire,dızayr
desk,desk
despair,dıspeır
desperate,despırit
despite,dıspayt
dessert,dızört
destination,destıneyşın
destroy,dıstroy
destruction,dıstrakşın
detach,ditap
detail,diteyl
detective,dıdektiv
determined,dıtörmind
develop,dıvelop
development,dıvelopmınt
devil,devl
dew,düu
diagram,dayıgrım
dial,dayıl
diameter,dayametır
diamond,daymınd
diary,dayri
dice,days
dictator,dıkteytır
dictionary,dikşınri
die,day
diet,dayt
difference,difrıns
different,dıfrınt
difficult,dıfıkılt
dig,dig
digest,daycest
dim,dim
dinner,dinır
dip,dıp
diploma,dıploumı
diplomat,dıplımat
direct,direkt
direction,dırekşn
director,direktir
directory,direktiri
dirt,dört
dirty,dörti
disadvantage,disadvantıc
disagree,disıgrii
disappear,disıpiır
disappoint,disıpoint
disaster,dızastır
disc,disk
discipline,disiplin
disc-jockey,disk cokey
disclose,diskloz
disco,disko
discover,diskavır
discuss,dıskas
disease,diziiz
disgust,dısgast
dish,diş
dismay,dismey
dismiss,dismis
disobey,disıbey
dispatch,dispep
displace,displeys
display,displey
dispose,dispouz
dispute,dıspüut
distance,distıns
distant,distınt
distinct,distinkt
distinction,dıstingşın
distinguish,distinguviş
distribute,distribüut
district,distrikt
disturb,distörb
dive,dayv
diver,dayvır
divide,divayd
division,divijn
divorce,dıvöös
dizzy,dizi
do,do
dock,dok
doctor,daktır
document,dokümınt
dog,dog
doll,dol
domestic,dımestik
dominate,domineyt
donate,doneyt
donation,doneyşın
donkey,donki
donor,donır
doom,duum
doomsday,duumsdey
door,door
dose,dos
double,dabl
doubt,daut
down,daun
down payment,davn peymınt
doze,doz
dozen,dozen
draft,draaft
drag,dreg
dragon,dregın
drain,dreyn
drama,draam
draught,draaft
draughts,draafts
draw,drov
drawer,drovır
drawn,droovn
dreadful,dredfl
dreadfully,dredfıli
dream,driim
dress,dres
drill,dril
drink,drink
drive,draıv
drop,drop
drug,drag
drum,dram
drunk,drank
dry,dray
duck,dak
duckling,dakling
due,düu
duel,duyıl
dull,dal
dust,dast
dustbin,dastbın
duty,düuti
dye,day
dynamite,daynımeyt
dynamo,daynımu
dynasty,dınısti
e.g.,i.ci.
each,iiç
eager,iigır
eagle,igıl
ear,iır
early,örli
earn,örn
earnest,örnıst
earth,örth
earthquake,örthkveik
ease,iiz
east,iist
easy,iizi
eat,iit
echo,ekou
economical,ikınomikl
edge,ec
editor,editır
educate,ecukeyt
eel,iil
effect,ıfekt
efficient,ıfışınt
effort,efıt
egg,eg
elapse,ileps
elastic,ılestik
elbow,elbou
elder,eldır
elect,ılekt
election,ılekşın
electricity,ılektrisiti
elegant,elıgınt
elementary,elımentri
elephant,elıfınt
else,els
elsewhere,elsver
embark,imbark
embarrassme nt,imbarısmınt
embassy,embısi
embrace,imbreys
emerge,ımörc
emergency,ımörcınsi
emigrate,emıgreyt
emotion,imoşın
emphasis,emfisıs
emphasize,emfısays
emphatic,imfetik
empire,empayır
employ,ımploy
employee,ımployi
employer,ımployır
employment,ımploymınt
empty,empti
enclose,ınklouz
encourage,ınkarıc
end,end
endorsement,indoosmint
enemy,enımi
energy,enırci
engage,engeyc
engine,encin
enjoy,ıncoy
enormous,inormiyus
enough,inaf
enter,enter
enterprise,entıprayz
entertain,entıteyn
entertainmen t,entıteynmınt
entitle,intaytıl
entrance,entrıns
envelope,ınvılop
epitaph,epitaf
equal,ikuıl
equality,ikualiti
equalize,ilkvılayz
equip,ikvip
equipment,ikvıpmınt
erect,irekt
error,erır
escalator,eskıleytır
escape,ıskeyp
escort,eskort
especial,ıspeşl
essential,ısenşıl
establish,ıstabliş
estate,ısteyt
estimate,estımeyt
evacuate,ıveküueit
even,ivın
evening,ivning
event,ivent
eventually,ivençuıli
ever,evır
every,evri
evidence,evidıns
evil,ivl
evolution,ivulişın
ex,eks
exact,ıgzekt
exactly,ıgzekli
exaggerate,ıgzacıreyt
examine,ıgzamin
example,ıgzempl
exceed,iksid
excellent,eksılınt
except,ıksept
exception,ıksepşın
exchange,ıksçeync
excite,ıksayt
exclaim,ikskleym
exclude,eksklud
exclusive,iksklusiiv
excuse,eksküuz
execute,eksikiyut
exercise,eksısayz
exhaust,igzoost
exhibit,igzıbit
exhibition,ekzıbişın
exist,ıgzist
exit,eksit
expand,ıkspend
expansion,ıkspanşın
expect,ekspekt
expense,ekspens
expensive,ekspensiv
experience,ıkspiriıns
experiment,ıksperımınt
expert,ekspört
expire,ikspayır
explain,ıkspleyn
explanation,eksplıneyşın
explode,ıksploud
explore,ıksplor
explosive,iksplıusiv
export,eksport
express,ıkspres
expression,ıkspreşın
extend,ıkstend
extension,ıkstenşn
extent,ıkstent
extinguish,ikstingvişh
extra,ekstrı
extract,ıkstekt
extraordinary,ıkstrordinıri
extreme,ikstriim
eye,ay
eyebrow,aybrau
eyelash,ayleş
eyelid,aylid
fable,feybıl
fabulous,febulıs
face,feys
fact,fek
factory,fektri
fade,feyd
fail,feyl
failure,feylır
faint,feynt
fair,feır
fairly,feıli
faith,feyth
faithful,feythful
fake,feyk
fall,fol
false,fols
fame,feym
familiar,fımiliır
family,femıli
famous,feymıs
fan,fen
fanatic,fınıtik
fancy,fensi
fantastic,fentestik
far,far
fare,feır
farm,fam
farther,fardır
fashion,feşn
fast,fast
fasten,fasn
fat,fet
fate,feyt
father,fadır
fault,folt
faultless,foltlıs
faulty,folti
favour,feyvır
favourable,feyvırıbl
favourite,feyvrıt
fear,fiır
fearful,fiıfl
feather,fedır
feature,fiiçır
february,february
fed up,fedap
federal,fedırıl
fee,fii
feed,fid
feel,fiil
fellow,felıu
female,fimeyl
fence,fens
ferry,feri
fertile,förtaıl
fertilize,förtılaız
festival,festıvıl
fetch,feç
fever,fivır
few,füu
fiance,fiansey
fiction,fikşın
field,fiild
fig,fig
fight,fayt
figure,figır
file,fayl
fill,fil
film,film
final,faynl
finally,faynıli
finance,faynens
find,faynd
fine,fayn
finger,fingir
finish,finiş
fire,fayır
fire- brigade,fayı-brigeyd
firm,förm
first,först
fiscal,fiskıl
fish,fiş
fist,fist
fit,fit
fix,fiks
flag,fleg
flake,fleyk
flame,fleym
flash,fleş
flat,flet
flavour,fleyvır
flea,flii
flee,flii
fleet,fliit
flesh,fleş
flight,flayt
flipper,flipır
float,flout
flock,flok
flood,flad
floor,floor
florist,florist
flour,flauır
flower,flauır
fluent,flüınt
fly,flay
foam,fom
foam rubber,fom rabir
fog,fog
fold,fould
folk,folk
follow,folou
fond,fond
food,fuud
fool,fuul
foolish,fuuliş
foot,fuut
football,futbool
footprint,futprint
for,for
forbid,forbid
force,fors
forecast,forkast
forehead,forıd
foreign,forın
foreman,formin
forest,forıst
forever,firevir
forge,forp
forger,forcir
forget,fıget
forgive,fıgiv
fork,fork
form,form
formal,formil
former,formır
forthwith,forthvit
fortnight,fortnayt
fortune,forçın
forward,forvıd
foul,fol
found,faund
foundation,faundeyşın
fountain,fauntın
fountain-pen,fauntın pen
fox,foks
fragile,frepayil
frame,freym
frank,frenk
free,frii
freedom,friidım
freeze,friz
freight,freyt
fresh,freş
friday,fraydey
fridge,fric
friend,frend
friendly,frendli
fright,frayt
frighten,fraytn
frog,frog
from,from
front,frant
frontier,frantier
frown,fraun
fruit,fruut
fry,fray
fugitive,fiucitiv
full,ful
full stop,fulstop
fun,fan
fund,fand
fundamental,fandımentıl
funeral,füunırıl
funny,fani
fur,för
furnish,förniş
further,fördır
furthermore,fördırmor
fuse,füuz
fuss,faas
future,füuçır
gain,geyn
gallery,gelıri
gamble,gembl
game,geym
gang,geng
gaol,jeil
gap,gep
garage,garaaj
garden,gadn
garlic,gaalik
gas,ges
gate,geyt
gather,gedir
gay,gey
gear,giır
general,cenril
generally,cenrili
generous,cenris
genius,ciniis
gentle,centl
gentleman,centlmin
germ,cörm
get,get
ghost,gost
gift,gift
gigolo,jigolo
ginger,cincır
gipsy,cipsi
girl,görl
give,giv
glad,gled
gladly,gledli
glass,glas
globe,glob
glorious,gloriıs
glory,glori
glove,glav
glue,glu
go,go
goal,gol
goat,gout
god,gad
gold,gould
golden,gouldın
goldfish,gouldfiş
good,gud
good-looking,gud luking
goose,guus
gosh,goş
gossip,gosip
govern,gavn
government,gavınmınt
graduate,grecueyt
grain,greyn
grand,grend
grape,greyp
grapefruit,greypfruut
grasp,grasp
grass,gres
grateful,greytıfıl
grave,greyv
gravestone,grıyvıstun
graveyard,greyvyard
great,greyt
green,griin
greengrocer,gıringırosır
greeting,griiting
grey,grey
grill,gril
grip,grip
grocer,grousır
groom,gruum
ground,graund
group,gruup
grow,grov
grumble,grambıl
guarantee,garentii
guard,gard
guerrilla,gırilı
guess,ges
guest,gest
guide,gayd
guided missile,gaydıd misayl
guilt,gilt
guitar,gitaar
gulf,galf
gum,gam
gun,gan
guy,gay
habit,hebit
habitat,hebıtıt
hail,heyl
hair,heyr
hairdresser,herdresır
hairdryer,herdrayır
half,half
hall,hol
halt,halt
hammer,hemır
hand,hend
hand grenade,hend grineid
handbag,hendbeg
handicap,hendikap
handkerchief,hengırçif
handle,hendıl
handsome,hendsım
handwriting,hendrayting
hang,heng
hang on,hengon
hangar,hengır
happen,hepın
happy,hepi
harbour,harbır
hard,hard
hardly,hardli
harm,harm
harmful,harmful
harvest,harvıst
haste,heyst
hat,het
hate,heyt
have,hev
hawk,hovk
hazard,hezırd
head,hed
head quarters,hedkuartırs
headache,hedeyk
headline,hedlayn
headphone,hedfon
health,helth
healthy,helthi
hear,hiir
heart,hart
heat,hiit
heater,hiitır
heaven,hevın
heavy,hevi
hectare,hektar
heel,hiıl
height,hayt
heir,eır
hell,hel
help,help
hen,hen
here,hiır
heritage,heritıc
hero,hiro
hesitate,heziteyt
hiccup,hikap
hide,hayd
high,hay
hijack,haycek
hijacker,haycekır
hill,hil
hinge,hinp
hire,hayır
history,histri
hit,hit
hitch-hike,hiçhayk
hobby,hobi
hold,hold
hold on,hold on
hole,hol
holiday,holidey
hollow,halou
holy,holi
home,hom
homesick,houmsik
honest,anıst
honey,hani
honeymoon,hanimuun
honour,anır
hook,huuk
hop,hap
hope,houp
hopeless,houplıs
horizon,hırayzın
horizontal,horizantıl
horn,horn
horrible,haribl
horse,hors
hose,hoz
hospital,haspitl
host,houst
hostage,hastıc
hostel,hastl
hot,hat
hotel,houtel
hour,auır
hourly,auıli
house,haus
housewife,haus vayf
hover,havır
how,hav
however,hauevır
hubbub,habab
hug,hag
huge,hüyp
hum,ham
human,huiymın
humble,hambl
humour,hüumır
hungry,hangri
hunt,hant
hurry,hari
hurt,hört
husband,hazbınd
hush,haş
hut,hat
ice,ays
ice-cream,ays kriim
icy,aysi
idea,aydiı
ideal,aydiıl
identical,aydentikl
identify,aydentifay
idiot,idyıt
idle,aydl
if,if
ignition,ignişın
ignore,ignoor
ill,il
illegal,illigıl
illustrate,ilıstreyt
image,imıc
imagination,imecıneyşın
imagine,imecın
imitate,imiteyt
imitation,imiteyşın
immediate,immidiıt
immense,imens
immigrate,imigreyt
immoral,imorıl
impair,impeyır
impatient,impeyşınt
implement,ımplımınt
imply,implay
impolite,impolayt
import,import
importance,importıns
important,importınt
impossible,imposıbl
impress,impıres
impression,impreşn
impressive,impıresiv
improve,impruuv
improvement,impruuvmınt
in,in
in order to,in ordır to
incentive,insentiv
incident,insidınt
incidentally,insidentli
include,inkluud
income,inkım
incorrect,ınkırekt
increase,inkriiz
incredible,inkredıbl
indeed,indiid
indefinite,indefinıt
indefinitely,indefinitli
indemnify,indemnifaı
indemnity,indemniti
independent,ındıpendınt
index,indeks
indicate,indikeyt
individual,indivicul
indoor,indor
indorse,indoos
industry,indastri
inevitable,ınevitibl
inferior,infiıriır
infinite,ınfinit
inflammable,inflemibil
inflate,infleyt
inflation,infleyşin
inflexible,infleksibil
influence,ınfluıns
inform,infoom
informal,infoomıl
information,infımeyşın
initial,inişil
initiative,inişitiv
inject,incekt
injure,incır
ink,ink
inn,in
innocent,inisint
inquire,inkvayr
inquiry,inkuaıri
insect,insekt
insecure,insikuir
inside,insayd
insist,insist
insolvent,insolvint
inspect,inspekt
inspector,inspektır
inspire,inspayir
install,instol
instance,instıns
instant,instint
instead of,insted ov
institute,instıtüut
instruction,instrakşn
instrument,instrumınt
insu lt,insalt
insulate,insuleyt
intangible,intancibıl
intelligent,intelicınt
intend,intend
intense,intens
intensive,intensiv
intention,intenşın
interest,interest
interesting,intresting
interfere,interfir
intermediate,intımidiıt
international,intıneyşınıl
interpret,intörprıt
interrupt,intırapt
interval,ıntıvl
interview,intıvüu
intestines,intestinz
into,intu
introduce,intrıdyus
invade,inveyd
invalid,invelid
invent,invent
invest,invest
investigate,ınvestıgeyt
invite,ınvayt
invoice,invoys
involve,involv
iron,ayrın
ironically,ayronikli
irregular,ıregulır
irritate,iriteyt
island,aylınd
issue,işuu
it,it
itch,itpi
item,aytım
jack,cek
jackal,cekıl
jacket,cekıt
jaguar,ceguar
jail,jeyl
jam,cem
january,cenueri
jar,caar
jaw,cov
jazz,cez
jealous,celis
jeans,ciinz
jelly,celi
jellyfish,celifiş
jet,cet
jewel,cuıl
job,cab
jockey,cokey
join,coin
joint,coint
joke,couk
jolly,coli
journal,cöönl
journalist,cönılist
journey,cööni
joy,coy
jubilee,cubılii
judge,cac
judgement,cacmınt
juice,cuis
july,culy
jump,camp
june,cuun
jury,cüri
just,cast
justice,castis
keen,kiin
keen on,kiin an
keep,kiip
ketchup,ketpıp
key,kii
kick,kik
kid,kid
kidnap,kıdnep
kidney,kidniy
kill,kil
kin,kin
kind,kaynd
king,king
kingdom,kingdım
kiss,kis
kitchen,kiçın
knee,nii
knife,nayf
knight,nayt
knob,nob
knock,nok
knot,not
know,nou
knowledge,navlıc
label,leybl
laboratory,lıborıtri
labour,leybır
lack,lek
ladder,ledır
ladle,leydıl
lady,leydi
lake,leyk
lamb,lemb
lame,leym
lamp,lemp
lamppost,lembpost
lampshade,lempşeyd
land,lend
landlady,lendleydi
lane,leyn
language,lengvic
large,larc
lash,leş
last,lest
late,leyt
laugh,laf
launch,lonp
laundry,londri
laundrybasket,londıribeskıt
lavatory,levıtri
law,lou
lawful,lofl
lawyer,louyır
lay,ley
lazy,leyzi
lead,led
leader,liidır
leadership,liidışip
leaf,liif
league,liıg
leak,liik
lean,liin
learn,lörn
lease,liis
least,liist
leather,ledır
leave,liiv
lecture,lekçır
left,left
leg,leg
legacy,legisi
legal,ligl
lemon,lemin
lend,lend
length,length
lens,lenz
less,les
lesson,lesn
let,let
letter,letir
letter box,letır baks
lettuce,letıs
level,levl
lever,liivır
liar,layır
liberal,libırıl
liberty,libırti
library,laybrıri
licence,laysıns
lick,lik
lid,lid
lie,laı
life,layf
lift,lift
light,layt
lighter,laytır
like,layk
likely,laykli
limit,limit
line,layn
link,link
lip,lip
liquid,likuit
liquidate,likvideyt
list,list
listen,lisın
literature,litriçır
litter,litır
little,litıl
live,laıv
liver,livır
lives,layvz
living,living
load,loud
loaf,lof
loan,lon
lobster,lobstır
local,lokıl
locate,lokeyt
lock,lok
lonely,lanliy
long,long
look,luuk
loose,luuz
lorry,lori
lose,luuz
loss,los
lot,lot
loud,laud
love,lav
lovely,lavli
low,lov
lower,lovır
loyal,loyıl
loyalty,loyıltiy
luck,lak
lucky,laki
luggage,lagıc
lunch,lanç
lung,lang
luxury,lakşıri
machine,mışiin
machine-gun,mışiin gan
mad,med
madam,medım
magazine,magızin
magic,mecik
magnet,magnit
magnificent,megnıfısınt
magnifying -glass,megnıfaing -glass
maid,meyd
mail,meyl
main,meyn
maintain,meynteyn
major,mecır
majority,mıcorıti
make,meyk
make-up,meyk ap
male,meyl
man,men
manage,menıc
management,menıcmınt
manager,menıcır
maniac,meniyak
manner,menır
manual,menyul
manufacture,menufekçır
many,meni
map,mep
march,març
margin,maacın
mark,mark
market,maakıt
marmalade,maamıleyd
marry,meri
marvellous,marvılıs
mask,mesk
mass,mes
massacre,mesıkır
massive,mesiv
master,mestır
mat,met
match,meç
mate,meyt
material,metıriıl
mathematics,methemeti ks
matter,metır
mattress,metris
mature,metur
maturity,mepuriti
maximum,mexsimum
may,mey
maybe,meybi
me,mi
meadow,medo
meal,miıl
mean,miin
meaning,miining
means,miins
meantime,miintaym
meanwhile,miinvayl
measure,mejir
meat,miit
mechanic,mikenik
medal,medil
medical,medıkıl
medicine,medisin
meet,miit
meeting,miiting
melody,melodi
melon,melin
melt,melt
member,membir
memorable,memiribl
memorandum,memirendim
memorial,memoriil
memorize,memirayz
memory,memiri
men,men
mend,mend
mental,mentil
mention,menşın
merchant,mörçınt
mercy,mörsi
mere,miır
merely,miili
merge,mörc
merit,merit
merry,meri
mess,mes
message,mesıc
metal,metıl
meter,mitır
method,methıd
metre,mitr
mice,mays
middle,midi
midnight,midnayt
might,mayt
mike,mayk
mild,mayld
military,militıri
milk,milk
mill,mil
millet,milıt
millionaire,milyıner
mimic,mimik
mince,mins
mind,maynd
mine,mayn
minimum,minimum
minister,ministir
minor,maynir
minority,maynoriti
minus,maynis
minute,minit
miracle,mirıkıl
mirror,mirir
miser,mayzır
miserable,mizrıbıl
misery,mısiri
mislay,misley
miss,mis
missile,misayl
mission,mişn
mistake,misteyk
misunderstand,misandirstend
mix,miks
mobile,mobayl
model,madl
moderate,madirit
modern,madn
modest,modist
moisture,moısçır
mole,mol
moment,moumint
monday,mondey
money,mani
monkey,manki
month,manth
monument,monımınt
mood,muud
moon,muun
moral,morıl
morale,mıraal
more,mor
morning,morning
mortgage,morgeyp
mosque,mosk
mosquito,mıskiito
moss,mos
most,moust
mother,madır
motion,moşın
motive,motiv
motor,moutır
mountain,mauntın
mouse,maus
mouth,mauth
move,muuv
movement,muuvmınt
much,maç
mud,mad
mud-guard,madgard
multiply,maltıpılay
murder,mördır
murmur,mörmır
muscle,masıl
museum,müuzım
mushroom,maşrum
music,müuzik
muslim,mazlım
must,mast
mustard,mastırd
mute,müut
mutter,matır
mutual,müuçul
my,may
mystery,mıstri
nail,neyl
name,neym
napkin,nepkin
narrate,nıreyt
narrow,nerou
nasty,nasti
nation,neyşın
national,neyşınl
native,neytiv
natural,neçrıl
nature,neyçır
naughty,noti
near,niır
necessary,nesısıri
necessity,nısesiti
neck,nek
need,niid
needle,niidl
needless,nidless
neglect,nıglekt
negotiate,nigoşıeyt
neighbour,neybır
neither,niidır
nephew,nevüuu
nervous,nörvıs
nest,nest
net,net
network,netvork
never,never
nevertheless,nevedıles
new,nuu
news,nüuz
newspaper,nüuspeypır
next,nekst
nice,nays
nickname,nikneym
niece,niis
night,nayt
nightmare,naytmeyr
nil,nil
no,no
noble,noubl
nobody,noubadi
noise,noiz
nominate,nomineyd
none,nan
nonsense,nonsıs
noon,nuun
normal,normıl
north,north
nose,nouz
not,nat
note,not
nothing,nathing
notice,noutis
notorious,nutoriyus
novel,novıl
november,novembır
now,nau
nowadays,nauıdeyz
nowhere,nouveir
nude,nüud
nuisance,nuusıns
number,nambır
nurse,nörs
nut,nat
nylon,naylon
oak,ook
oar,or
oasis,oesis
obey,obey
object,ıbcekt
oblige,ıblayc
observation,abzıveyşın
observe,ıbzörv
obtain,ıbtein
obvious,ıbviyis
occasion,ıkeyjn
occupation,aküpeyşin
occupy,aküpay
occur,ıkör
ocean,ouşin
october,oktobir
odd,od
of,ov
off,of
offence,ıfens
offend,ıfend
offer,ofir
office,ofis
officer,ofisir
official,ofişl
often,ofn
oil,oyl
okay ok),okey
old,old
old-fashioned,old feyşınd
omelette,omlıt
omit,ımit
on,an
once,vans
one,van
onion,anyın
only,ounli
open,oupın
operate,opıreyt
operation,opıreyşın
operator,opıreytır
opinion,opinyın
opportunity,aporçüniti
opposite,apızit
optimist,aptimist
option,opşın
or,or
oral,orıl
orange,orınc
orbit,orbit
orchard,orpıd
order,oordır
ordinary,oodnri
organ,orgın
organize,orgınayz
origin,oricin
original,arıcınıl
other,adır
otherwise,adırvayz
our,aar
out,aut
outline,autlayn
out of date,aut ov deyt
output,autput
outside,autsayd
oval,ovıl
oven,avn
over,ouvır
overcome,ouvıkam
overdo,ovırdu
overdue,overduu
overtake,ovırteyk
overtime,ovırtaym
overwork,ovırvörk
owe,ou
owl,aul
own,on
owner,ounır
ox,oks
oxygen,oksıcın
oyster,oistır
pack,pek
packed,pekt
packet,pekıt
page,peyc
pain,peyn
painful,peynful
paint,peynt
painter,peyntır
pair,peır
palace,pelıs
pale,peyl
palm,paam
pan,pen
panel,penıl
panic,penik
pants,pents
paper,peypır
parachute,perışut
parade,pıreyd
paradise,perıdays
paragraph,perıgraf
parcel,paasl
pardon,paadn
parent,perınt
park,park
parliament,parlımınt
parrot,perıt
part,part
participate,partısipeyt
particular,pıtikülır
partner,partnır
part-time,part taym
party,paati
pass,pes
passage,pesıc
passenger,pesıncır
passive,pesiv
passport,pasport
password,pasvörd
past,pest
pasta,pesti
paste,peyst
pastime,pastaym
path,peth
patience,peyşns
patient,peyşnt
patrol,petrol
patron,petrın
pause,poz
paw,poo
pay,pey
payment,peymınt
pea,pii
peace,piis
peach,piip
peak,pik
peanut,pinat
pear,peır
pearl,pörl
peasant,peznt
peculiar,pıküliır
pedal,pedıl
pedestrian,pidestriın
peel,piil
pen,pen
penalty,penilti
pencil,pensl
penknife,pen nayf
pension,penşın
people,piipl
pepper,pepir
per,pör
perfect,pörfekt
perform,pörform
performance,pörformıns
perfume,pörfyüüm
perhaps,pörheps
peril,peril
period,periid
permanent,pörmınınt
permission,pörmişn
permit,pörmit
persist,pesist
person,pörsın
personality,pörsınelıti
persuade,pörsveyd
pessimist,pesimist
petrol,petrıl
petrol station,petrıl steyşın
philosophy,fılosıfi
phone,foun
photo,foutou
physical,fizıkıl
piano,pieno
pick,pik
picket,pıkıt
pickle,pıkıl
pickpocket,pikpakıt
picnic,piknik
picture,pikçır
pie,pay
piece,piis
pig,pig
pigeon,picın
pile,payl
pill,pil
pillow,pilov
pillowcase,pilokeys
pilot,paylıt
pin,pin
pincers,pinpırs
pinch,pinp
pine,payn
pineapple,paynepl
pink,pink
pioneer,paynır
pipe,payp
pistol,pıstıl
pity,piti
place,pleys
plain,pleyn
plan,plen
plane,pleyn
plant,plent
plantation,plenteyşn
plastic,plestik
plate,pleyt
platform,pletform
play,pley
player,pleyır
playground,pleygraund
pleasant,pleznt
please,pliiz
pleasure,plejır
plenty,plenti
plough,plau
plug,plag
plum,plam
plumber,plamır
plus,plas
pocket,pakıt
poem,poım
poet,poıt
poetry,poıtri
point,point
poison,poizın
pole,pol
police,pıliis
policy,palısi
polish,poliş
polite,pılayt
political,pılitikl
politician,polıtişın
politics,palitiks
pool,puul
poor,puur
population,papüleyşn
porcelain,poselın
pork,pork
port,port
porter,pootır
position,pızişn
positive,pazitiv
possess,pızes
possession,pızeşn
possibility,pasıbilıti
possible,pasıbl
post,poust
postage,postıp
postpone,pospon
pot,pot
potato,poteyto
pour,poor
poverty,povitı
powder,paudır
power,pauır
power of attorney,pavır ıv atörn
powerful,pauıfl
power-house,pauvırhaus
practical,prektikl
practice,prektis
practise,prektis
praise,preyz
pray,prey
preach,priiç
precious,presis
precisely,prısayzlı
predict,prıdikt
prefer,prıför
pregnant,pregnınt
prejudice,precıdis
preparation,prepıreyşn
prepare,prıpeır
prescription,priskrıpşın
presence,prezns
present,preznt
preserve,prizörv
president,prezidınt
press,pres
pressure,preşır
pretend,pritend
pretty,priti
prevent,privent
previous,priiviıs
price,prays
pride,prayd
priest,priist
primarily,pramırili
primary,praymeri
primitive,primitiv
prince,prins
principal,prinsipl
print,print
priority,payoriti
prison,prizn
prisoner,priznır
private,prayvıt
privilege,privılıp
prize,prayz
probable,prabıbl
problem,prablım
process,proses
produce,prodyus
product,prıdak
production,prodakşn
profession,profeşn
profit,profit
programme,prougrem
progress,prougres
prohibit,prıhibit
promise,promis
promote,prımot
promotion,primoşın
pronounce,pronauns
proof,pruuf
propeller,prıpelır
proper,prapır
property,prapıti
proportion,propoşın
proposal,propouzl
propose,propouz
prosecute,prasıkyut
prostitution,prostıtuşın
protect,prıtekt
protest,protest
proud,praud
prove,pruuv
proverb,provörb
provide,provayd
provocation,prıvıkeyşın
provoke,prıvok
pub,pab
public,pablik
publicity,pablısiti
publish,pabliş
pull,pul
pull up,pull ap
pullover,pulouvır
pulse,pals
pump,pamp
pumpkin,pampkin
punch,panç
punctual,pankpuıl
punish,paniş
pupil,püupl
puppet,papıt
puppy,papi
purchase,pörçıs
pure,püur
purple,pörpıl
purpose,pöpıs
purse,pöös
push,puş
put,put
puzzle,pazl
pyjamas,pıcaamız
pyramid,piramit
qualified,kvolifayd
quality,kualıti
quantity,kuantıti
quarrel,kuarıl
quarter,kootır
queen,kuiin
question,kuesçın
queue,küu
quick,kuik
quiet,kuayıt
quite,kuayt
quiz,kuiz
quota,kvotı
quote,kvot
rabbit,rebit
race,reys
racket,rekit
radar,reydır
radiator,reydieytır
radio,reydio
rail,reyl
railing,reiling
railway,reylvey
rain,reyn
raincoat,reynkout
raise,reyz
ram,rem
range,reync
rank,renk
rapid,repid
rare,reyr
rash,raş
rat,ret
rate,reyt
rather,radır
raw,rov
razor,reyzır
reach,riiç
read,riid
ready,redi
realize,riılayz
really,riıli
rear,rıir
reason,riizn
reasonable,riiznıbl
recall,rikol
receipt,rısiit
receive,rısiiv
recent,riisnt
reception,risepşn
recession,riseşin
recipe,resipi
recognize,rekıgnayz
recollect,rekılekt
recommend,rekımend
reconcile,rekınsaıl
reconciliation,rekınsilieyşin
record,rekord
recover,rikavır
red,red
reduce,rıdyus
referee,refiri
referendum,refırendum
refill,rifıl
reflect,riflekt
refreshments,rıfreşmınts
refrigerator,refrıpıretır
refuge,refüuc
refugee,refyucii
refuse,refyuz
regard,rigard
region,ricın
register,recıstır
regret,rigret
regular,regulır
regulation,reguleyşın
reject,ricekt
relate,releyt
relation,rıleyşn
relationship,rıleyşnşip
relative,relıtiv
relax,rileks
release,rilis
relevant,relıvınt
reliable,rilaybıl
relief,rıliif
relieve,rıliiv
religion,rılicın
reluctant,rilanktınt
remain,rımeyn
remark,rımark
remarkable,rımarkıbl
remedy,remidi
remember,rimembır
remind,rimaynd
remit,rimit
remittance,rimitıns
remote,rimuut
remove,rimuuv
rent,rent
repair,ripeır
repay,rıpey
repeat,rıpiit
replace,rıpleys
replacement,rıpleysmınt
reply,rıplay
report,riport
represent,reprızent
representativ e,reprızentıtiv
republic,rıpablik
reputation,reputeyşın
request,rikuest
require,rikuayır
rescue,reskuu
research,risörp
resent,rizent
reserve,rizörv
reside,rizaıd
resident,rezıdıns
resign,rizayn
resist,rızist
respect,rıspekt
respectable,rıspektıbl
respond,rispond
responsible,rıspansıbl
rest,rest
restaurant,restrant
restore,ristor
restrict,rıstrikt
result,rizalt
resume,rızuum
retail,riteil
retaliation,ritalieyşın
retire,ritayır
return,ritörn
revenge,rivenc
revenue,revenüü
reverse,rivörs
revise,rıvayz
revolution,revolışın
reward,rivord
rib,rib
ribbon,ribın
rice,rays
rich,riç
rid,rid
ride,raid
ridiculous,ridikulis
rifle,rayfıl
right,rayt
ring,ring
ripe,rayp
rise,rayz
risk,risk
risky,riski
river,rivır
road,roud
roar,roor
roast,roust
rob,rob
rock,rak
rocket,rokıt
role,roul
roll,rol
roof,ruuf
room,ruum
root,ruut
rope,roup
rose,rouz
rough,raf
round,raund
roundabout,raundıbaut
route,ruut
row,rou
royal,royıl
rub,rab
rubber,rabır
rubbish,rabiş
rude,ruud
rug,rag
ruin,ruin
rule,ruul
ruler,ruulır
rumble,rambl
run,ran
runaway,ranivey
rush,raş
rust,rast
sabotage,sebitaj
sack,sek
sacrifice,sekrıfays
sad,sed
saddle,sedl
safari,sifaari
safe,seyf
safety-belt,seyftibelt
safety-pin,seyftipin
sail,seyl
sailor,seylır
sake,seyk
salad,selıd
salary,selıri
sale,seyl
salmon,semin
saloon,siluun
salt,solt
salute,selüut
same,seym
sample,sempil
sand,send
sandal,sendl
sandpaper,sendpeypir
sandwich,sendvic
sardine,saadin
satellite,setilayt
satin,setin
satisfy,setısfay
saturday,setırdey
sauce,sois
saucepan,soospen
saucer,soosir
sausage,sosip
savage,sevip
save,seyv
savour,seyvir
saw,soo
saxophone,seksifon
say,sey
scale,skeyl
scandal,skendil
scarce,skers
scare,skeir
scarf,skaaf
scene,siin
scheme,skiim
scholarship,skılırşip
school,skuul
science,sayıns
scissors,sizız
scone,skon
score,skoor
scorpion,skorpion
scramble,skrımbıl
scrape,skreyp
scratch,skreç
scream,skriim
screen,skriin
screw,skru
scruff,skraf
sea,sii
seal,siil
search,sörç
seashore,siişor
seaside,sisayd
season,siizn
seat,siit
seat-belt,sit belt
second,sekınd
second-rate,sekınd reyt
secret,sikrıt
secretary,sekrıtri
section,sekşn
secure,seküür
see,sii
see over,siovır
seed,siid
seek,siik
seem,siim
segment,segmınt
seize,siiz
seldom,seldım
select,sılekt
selection,sılekşn
selfish,selfiş
sell,sell
semi,semi
senate,senit
send,send
senior,sinyır
sense,sens
senseless,senslis
sensible,sensibil
sensitive,sensitiv
sentence,sentins
separate,seprit
september,septembir
sergeant,sarcınt
serial,siiriil
serious,siiriis
sermon,sörmin
servant,sörvint
serve,sörv
service,sörvis
serviette,sörviyet
set,set
set off,set of
set out,set aut
set on,set on
settle,setl
settlement,setlmint
several,sevril
severe,siviir
sew,sou
sex,seks
shade,şeyd
shadow,şedou
shake,şeyk
shallow,şelov
shame,şeym
shampoo,şempuu
shape,şeyp
share,şeyr
shark,şark
sharp,şarp
sharp shooter,şarpşutır
shave,şeyv
sheep,şiip
sheet,şiit
shelf,şelf
shell,şel
shelter,şeltır
shield,şiild
shift,şift
shine,şayn
ship,şip
shirt,şört
shock,şak
shoe,şuu
shoelace,şuuleys
shoot,şuut
shoot down,şut daun
shop,şap
shopping,şaping
shore,şoor
short,şort
short cut,şortkat
shortage,sortıp
shortly,şortli
shot,şat
shoulder,şouldır
shout,şaut
show,şou
shower,şauır
shrink,şringk
shut,şat
shut up,şatup
shy,şay
sick,sik
side,sayd
sıdeeffect,saydefekt
sigh,say
sight,sayt
sign,sayn
signal,signil
signature,signıçır
significant,sinifıkınt
signpost,saynpost
silence,saylins
silent,saylint
silk,silk
silly,sili
silo,saylo
simplify,simplifay
sin,sin
since,sins
sincere,sinsiır
sing,sing
single,singl
singular,singulır
sink,sink
sir,sör
siren,saırın
sister,sistir
sit,sit
situation,siçueyşn
size,sayz
skate,skeyt
skateboard,skeytboord
skeleton,skelitin
ski,skii
skill,skil
skim,skim
skin,skin
skirt,skört
skull,skal
sky,skay
slang,sleng
slave,sleyv
sleep,sliip
sleepy,sliipi
sleeve,sliiv
sleeveless,sliivlıs
slice,slays
slide,slayd
slight,slayt
slim,slim
slip,slip
slipper,slipır
slope,sloup
slot,slot
slow,slou
small,smol
smart,smart
smash,smeş
smell,smel
smile,smayl
smoke,smouk
smooth,smuuth
smuggle,smagıl
snack,snek
snag,sneg
snail,sneyl
snake,sneyk
sneeze,sniiz
sniff,snif
snore,snoor
snow,snou
snub,snab
so,sou
so far,so far
soak,sok
soap,soup
soccer,sokır
social,soşıl
society,sısayıti
sock,sak
socket,sakıt
sofa,soufı
soft,soft
soil,soil
soldier,soulcır
solemn,salım
solid,solid
solidarity,soliderıti
solve,solv
some,sam
somebody,sambadi
someone,samvan
sometimes,samtaymz
somewhere,samveir
son,san
song,song
soon,suun
sophisticated,sofistikeyt
sore,soor
sorrow,sarou
sorry,sori
sort,sort
soul,soul
sound,saund
soup,suup
sour,sauir
source,soors
south,sauth
souvenir,suuvenır
sow,sou
space,speys
spade,speyd
span,spen
spanner,spenir
adjustable spanner,adcastıbl spenir
spare,speyr
speak,spiik
special,speşl
spectacular,spektıkulır
spectator,spekteytır
speech,spiiç
speed,spiid
speedometer,spidamıtır
spell,spel
spend,spend
spice,spays
spider,spaydır
spill,spil
spiral,spiral
spirit,spirit
spit,spit
spite,spayt
splash,splaş
splendid,splendid
split,split
spoil,spoil
spoon,spuun
sport,sport
spot,spat
spread,spred
spring,spring
spy,spay
square,skueir
squash,skvaş
squeeze,skviiz
stabilize,stebilayz
stable,sıteybıl
stadium,stedyum
staff,staaf
stage,steyc
stain,steyn
stair,steyr
stall,stool
stamp,stemp
stand,stend
stand in,stend in
standard,standird
stapler,steipılr
star,star
stare,steyr
start,start
state,steyt
station,steyşn
stationery,steyşınery
statue,statüü
stay,stey
steady,stedi
steak,steyk
steal,stiil
steam,stiim
steel,stiil
steep,stiip
steer,stiir
step,step
step child,step payld
sterile,sterayl
sterilize,sterilayz
stethoscope,stethiskop
steward,stüvid
stick,stik
stiff,stif
still,stil
stir,stör
stock,stok
stock certificate,stok sertifikeyt
stocking,stoking
stomach,stomak
stone,stoun
stool,stuul
stop,stap
store,stoor
storm,stoom
story,stori
stove,stouv
straight,streyt
strain,streyn
strainer,streynir
strange,streync
strap,strep
straw,strov
strawberry,strovbri
stream,striim
street,striit
strength,strength
stress,stres
stretch,streç
stretcher,strepir
strict,strikt
strike,strayk
string,string
strip,strip
stripe,strayp
stroke,strouk
strong,strong
structure,strakçır
struggle,stragl
student,studınt
studio,stüudio
study,stadi
stuff,staf
stupid,stüupid
stutter,statir
style,stayl
subject,sabcıkt
submarine,sabmıriin
submit,sibmit
subscribe,sebskrayb
subsidize,sabsidayz
subsidy,sabsidiy
substance,sabstıns
substitute,sabstitüvt
subtract,sabtrekt
suburb,sabörb
subway,sabvey
succeed,sıksiid
success,sıkses
succession,sıkseşn
such,saç
suck,sak
sudden,sadn
suffer,safir
sufficient,sefişınt
sugar,şugır
suggest,sıcest
suggestion,sıcesşn
suicide,suisayd
suit,suut
suitcase,suitkeys
sum,sam
summary,samiri
summer,samır
summit,samit
sun,san
sunday,sandey
sunset,sanset
sunshine,sanşayn
suntan,santen
super,suupır
superb,supörb
superior,süperiyır
superstition,supıstişn
supervise,süpervayz
supper,sapır
supplies,sıplayz
supply,sıplay
support,sıport
suppose,sıpouz
suppress,sıpres
supreme,süupriim
sure,şuır
surface,sörfıs
surgeon,söcın
surgery,söcırı
surname,sörneym
surprise,sıprayz
surrender,sırendır
surround,sıraund
suspect,sıspekt
suspend,sıspend
suspension,sıspenşın
suspicion,sıspışın
swallow,svalou
swan,svan
swear,sveır
sweat,svet
sweater,svetır
sweep,sviip
sweet,sviit
swell,svel
swim,svim
swing,sving
switch,sviç
swollen,svolın
sword,sood
symbol,simbl
syrup,sırıp
system,sistim
t raffic,trefik
table,teybl
tablet,teblit
taboo,tabuu
tail,teyl
tailor,teylir
take,teyk
talent,telınt
talk,tolk
talkative,tolkıtiv
tall,tool
tame,teym
tan,ten
tangerine,tengerin
tank,tenk
tap,tep
tape,teyp
tapemeasure,teip-mejır
target,tergıt
tariff,terif
tart,tart
task,task
taste,teyst
tax,teks
taxi,teksi
tea,tii
teach,tiiç
teacher,tiiçır
team,tiim
tear,tiır
tease,tiiz
technique,teknik
teenager,tiinepır
telegram,telıgrem
telephone,telıfoun
telescope,telıskoup
television,telıvijn
tell,tel
temper,tempır
temperature,temprıçır
temple,tempıl
temporary,temprıri
tempt,tempt
tenant,tenınt
tend,tend
tender,tendir
tent,tent
term,törm
terminal,termınıl
terrace,terıs
terrible,terıbl
terrific,tırifik
terrify,terifay
territory,teritri
terror,terır
test,test
than,den
thank,thenk
that,det
theatre,thiıtır
their,theır
them,them
theme,thiim
then,then
theory,thiori
there,theer
therefore,deırfoor
thermometer,themomitır
these,diiz
they,dey
thick,thik
thief,thiif
thin,thin
thing,thing
think,think
third,thöd
thirsty,thörsti
thirteenth,thötiith
thirtieth,thötith
this,dis
thorough,tharou
thoroughly,thruili
those,douz
though,dou
thought,thoot
thoughtful,thootful
thoughtless,thootlıs
thread,thred
threat,thret
threaten,thretın
throat,throut
through,thruu
throw,throu
thumb,tham
thunder,thandır
thunderstorm,thandıstorm
thursday,thözdey
thus,das
tick,tik
ticket,tikıt
tide,tayd
tidy,taydi
tie,tay
tiger,taygır
tight,tayt
till,til
time,taym
tin,tin
tiny,tayni
tip,tip
tire,tayır
tired,tayırd
tissue,tişuu
title,taytl
toast,toust
tobacco,tıbakou
today,tıdey
toe,tou
together,tıgedır
toilet,toilıt
token,tokın
tomato,tımaato
tomorrow,tımarou
ton,tan
tone,ton
tongue,tang
tonight,tınayt
too,tuu
tool,tuul
tooth,tuuth
tooth pick,tuuth pik
top,tap
topic,tapik
torch,torp
torpedo,torpiido
tortoise,tootıs
torture,torçır
total,toutıl
totally,toutıli
touch,taç
tough,taf
tour,tuır
tournament,tu rnımınt
towards,tıvordz
towel,tauıl
tower,tauır
town,taun
toy,toy
trace,treys
track,trek
trade,treyd
tradition,tredişin
tragedy,trejedi
train,treyn
training,treyning
transfer,trensför
transform,trensform
translate,trenzleyt
transparent,tresperint
transport,trensport
trap,trep
travel,trevi
tray,trey
treasure,trejır
treat,triit
treatment,triitmınt
tree,trii
tremendous,trimendıs
trial,trayıl
trialbalance,trayılbalans
tribe,trayb
trick,trik
trigger,trigır
trip,trip
tripod,traypod
triumph,trayamf
troop,trup
troops,trups
trouble,trabl
trousers,trauzız
truck,trak
true,truu
trunk,trang
trust,trast
truth,truth
try,tray
tu rban,töbın
turnkey,törnkiy
tube,tüub
tuesday,tüuzdey
tuition,tuuşın
tulip,tüulıp
tummy,tami
tune,tüun
tunnel,tanl
turkey,törki
turn,törn
ıt's your turn,its yuu tön
turnover,törnovır
twice,tvays
twist,tvist
type,tayp
typical,tipikıl
typist,taypist
tyre,tayr
ufo,yufo
ugly,agli
umbrella,ambrela
unable,aneybl
uncle,ankl
unconscious,ankanşıs
under,andır
underclothes,andıkloudz
undergo,andırgo
underline,andırlayn
understand,andıstend
unemployme nt,animploymı nt
unfair,anfeyır
unfavourable,anfeyvırıbl
unhappy,anhepi
unhealthy,anhelthi
uniform,yuniform
union,yunyın
unit,yunıt
unite,yunayt
university,yunivörsıti
unknown,announ
unless,anles
unlikely,anlaykli
unload,anloud
unlock,anlok
until,antil
up,ap
up to you,ap tu yu
upon,ıpon
upper,apır
upset,apset
upsidedown,apsayd dovn
upstairs,apsteız
up-to-date,ap tı deyt
upward,apvıd
urban,ööbın
urge,ööc
urgent,ööcınt
us,as
use,yuus
useful,yuusfl
usual,yujl
v.i.p.,viaypi
vacant,veykınt
vacation,vekeyşın
vacuum cleaner,vakuum klinır
vain,veyn
valley,veli
valuable,velyubl
value,velyu
van,ven
vanilla,venilı
vaporize,veipırayz
variety,verayıti
various,veırıis
vase,vaaz
vegetable,vectıbl
vehicle,viikıl
veil,veil
vein,veyn
velvet,velvıt
venture,vençır
verb,vörb
verdict,vördikt
vertical,vörtıkıl
very,veri
vest,vest
vet,vet
veto,viitou
via,vaı
viable,vaıbıl
vice,vays
vicious circle,vişıs sörkıl
victim,viktım
victimize,viktımayz
victor,viktır
victory,viktri
view,viu
villa,vilı
village,vilıc
vine,vayn
vinegar,vinıgır
violent,vaylınt
violin,vaılın
visa,viizı
visible,vizıbl
vision,vijn
visit,vizit
visitor,vizitır
vital,vaytıl
vocabulary,vıkebyulıri
voice,vois
volcano,volkeno
volleyball,volıbol
volume,volyum
voluntary,volıntri
vomit,vamit
vote,vout
vowel,vavıl
voyage,voyıc
vulgar,valgir
vulnerable,valnıbıl
vulture,valçır
wage,veyc
wager,vacır
wagon,vegın
waist,veyst
waistcoat,veystkot
wait,veit
waiter,veytir
wake,veyk
walk,volk
wall,vool
wallet,valıt
walnut,volnat
wander,vandir
want,vont
war,vor
warder,voodır
wardrobe,vordroop
ware,veyır
warehouse,veyrhaus
warm,vorm
warn,vorn
warrant,varınt
wash,voş
wasp,vasp
waste,veyst
watch,voç
water,votir
water- colours,votır kolırs
water proof,votır pruf
waterfall,votirfol
wave,veyv
way,vey
we,vi
weak,viik
wealth,velth
weapon,vepin
wear,veir
weather,vedir
wednesday,venzdey
week,viik
weigh,veit
welcome,velkam
well,vel
well-known,vel noun
west,vest
wet,vet
whale,veyl
what,vat
what if,vat if
whatever,vatevir
what's its,vats its
what's more,vats mor
what's what,vats vat
wheel,viil
when,ven
whenever,venevır
where,veir
while,vayl
whim,vhim
whip,vip
whisper,vispır
whistle,visl
white,vayt
who,hu
whoever,huevır
whole,houl
wholesales,houlseıl
whose,huuz
why,vay
wide,vayd
widow,vidou
wife,vayf
wig,vig
wild,vayd
will,vil
win,vin
wind,vaynd
wind screen,vind skriin
window,vindou
windpipe,vindpayp
windscreen wiper,vindskriin vay
wine,vayn
wing,ving
winter,vintir
wipe,vayp
wire,vayir
wireless,vayilis
wisdom,vizdım
wise,vayz
wish,viş
witch,vip
with,vith
withdraw,vithdro
within,vidin
without,vidaut
witness,vitnis
wolf,vulf
woman,vumin
wonder,vandir
wonderful,vandifl
wood,vuud
wool,vuul
word,vööd
work,vörk
worker,vörkir
world,vörld
worm,vörm
worry,vöri
worse,vörs
worship,vörşip
worst,vörst
worth,vörth
wound,vuund
wrap,rep
wreck,rek
wrist,rist
write,rayt
wrong,rong
x-ray,eks rey
yacht,yat
yard,yard
year,yiir
yellow,yelou
yes,yes
yesterday,yestidey
yet,yet
yield,yiild
yoghurt,yogit
yolk,youk
young,yang
your,yoor
youth,yuuth
zero,zirou
zip,zip
zone,zon
zoom,zum
